-29,64,3MZm7mN+DwxhF4fGNve5G7pcdeQ=,vd8xXw6Re3aKC/p8iVj7JieyOI4=
-19,66,3MZm7mN+DwxhF4fGNve5G7pcdeQ=,vd8xXw6Re3aKC/p8iVj7JieyOI4=
-21,66,3MZm7mN+DwxhF4fGNve5G7pcdeQ=,vd8xXw6Re3aKC/p8iVj7JieyOI4=
-20,66,3MZm7mN+DwxhF4fGNve5G7pcdeQ=,vd8xXw6Re3aKC/p8iVj7JieyOI4=
-23,66,3MZm7mN+DwxhF4fGNve5G7pcdeQ=,vd8xXw6Re3aKC/p8iVj7JieyOI4=
-17,65,3MZm7mN+DwxhF4fGNve5G7pcdeQ=,vd8xXw6Re3aKC/p8iVj7JieyOI4=
-22,66,3MZm7mN+DwxhF4fGNve5G7pcdeQ=,vd8xXw6Re3aKC/p8iVj7JieyOI4=
-25,66,3MZm7mN+DwxhF4fGNve5G7pcdeQ=,vd8xXw6Re3aKC/p8iVj7JieyOI4=
-24,66,3MZm7mN+DwxhF4fGNve5G7pcdeQ=,vd8xXw6Re3aKC/p8iVj7JieyOI4=
-26,66,3MZm7mN+DwxhF4fGNve5G7pcdeQ=,vd8xXw6Re3aKC/p8iVj7JieyOI4=
-27,66,3MZm7mN+DwxhF4fGNve5G7pcdeQ=,vd8xXw6Re3aKC/p8iVj7JieyOI4=
-29,66,3MZm7mN+DwxhF4fGNve5G7pcdeQ=,vd8xXw6Re3aKC/p8iVj7JieyOI4=
-21,67,3MZm7mN+DwxhF4fGNve5G7pcdeQ=,vd8xXw6Re3aKC/p8iVj7JieyOI4=
-28,66,3MZm7mN+DwxhF4fGNve5G7pcdeQ=,vd8xXw6Re3aKC/p8iVj7JieyOI4=
-20,67,3MZm7mN+DwxhF4fGNve5G7pcdeQ=,vd8xXw6Re3aKC/p8iVj7JieyOI4=
-28,64,3MZm7mN+DwxhF4fGNve5G7pcdeQ=,vd8xXw6Re3aKC/p8iVj7JieyOI4=
-19,67,3MZm7mN+DwxhF4fGNve5G7pcdeQ=,vd8xXw6Re3aKC/p8iVj7JieyOI4=
-18,67,3MZm7mN+DwxhF4fGNve5G7pcdeQ=,vd8xXw6Re3aKC/p8iVj7JieyOI4=
-18,66,3MZm7mN+DwxhF4fGNve5G7pcdeQ=,vd8xXw6Re3aKC/p8iVj7JieyOI4=
-17,67,3MZm7mN+DwxhF4fGNve5G7pcdeQ=,vd8xXw6Re3aKC/p8iVj7JieyOI4=
-30,64,3MZm7mN+DwxhF4fGNve5G7pcdeQ=,vd8xXw6Re3aKC/p8iVj7JieyOI4=
-22,67,3MZm7mN+DwxhF4fGNve5G7pcdeQ=,vd8xXw6Re3aKC/p8iVj7JieyOI4=
-17,79,3MZm7mN+DwxhF4fGNve5G7pcdeQ=,vd8xXw6Re3aKC/p8iVj7JieyOI4=
-23,79,3MZm7mN+DwxhF4fGNve5G7pcdeQ=,vd8xXw6Re3aKC/p8iVj7JieyOI4=
-30,66,3MZm7mN+DwxhF4fGNve5G7pcdeQ=,vd8xXw6Re3aKC/p8iVj7JieyOI4=
-22,79,3MZm7mN+DwxhF4fGNve5G7pcdeQ=,vd8xXw6Re3aKC/p8iVj7JieyOI4=
-24,79,3MZm7mN+DwxhF4fGNve5G7pcdeQ=,vd8xXw6Re3aKC/p8iVj7JieyOI4=
-25,79,3MZm7mN+DwxhF4fGNve5G7pcdeQ=,vd8xXw6Re3aKC/p8iVj7JieyOI4=
-28,79,3MZm7mN+DwxhF4fGNve5G7pcdeQ=,vd8xXw6Re3aKC/p8iVj7JieyOI4=
-26,79,3MZm7mN+DwxhF4fGNve5G7pcdeQ=,vd8xXw6Re3aKC/p8iVj7JieyOI4=
-27,79,3MZm7mN+DwxhF4fGNve5G7pcdeQ=,vd8xXw6Re3aKC/p8iVj7JieyOI4=
-31,79,3MZm7mN+DwxhF4fGNve5G7pcdeQ=,vd8xXw6Re3aKC/p8iVj7JieyOI4=
-30,79,3MZm7mN+DwxhF4fGNve5G7pcdeQ=,vd8xXw6Re3aKC/p8iVj7JieyOI4=
-29,79,3MZm7mN+DwxhF4fGNve5G7pcdeQ=,vd8xXw6Re3aKC/p8iVj7JieyOI4=
-32,79,3MZm7mN+DwxhF4fGNve5G7pcdeQ=,vd8xXw6Re3aKC/p8iVj7JieyOI4=
-18,65,3MZm7mN+DwxhF4fGNve5G7pcdeQ=,vd8xXw6Re3aKC/p8iVj7JieyOI4=
-18,79,3MZm7mN+DwxhF4fGNve5G7pcdeQ=,vd8xXw6Re3aKC/p8iVj7JieyOI4=
-21,78,3MZm7mN+DwxhF4fGNve5G7pcdeQ=,vd8xXw6Re3aKC/p8iVj7JieyOI4=
-20,79,3MZm7mN+DwxhF4fGNve5G7pcdeQ=,vd8xXw6Re3aKC/p8iVj7JieyOI4=
-19,78,3MZm7mN+DwxhF4fGNve5G7pcdeQ=,vd8xXw6Re3aKC/p8iVj7JieyOI4=
-22,78,3MZm7mN+DwxhF4fGNve5G7pcdeQ=,vd8xXw6Re3aKC/p8iVj7JieyOI4=
-23,78,3MZm7mN+DwxhF4fGNve5G7pcdeQ=,vd8xXw6Re3aKC/p8iVj7JieyOI4=
-19,79,3MZm7mN+DwxhF4fGNve5G7pcdeQ=,vd8xXw6Re3aKC/p8iVj7JieyOI4=
-24,78,3MZm7mN+DwxhF4fGNve5G7pcdeQ=,vd8xXw6Re3aKC/p8iVj7JieyOI4=
-21,79,3MZm7mN+DwxhF4fGNve5G7pcdeQ=,vd8xXw6Re3aKC/p8iVj7JieyOI4=
-26,78,3MZm7mN+DwxhF4fGNve5G7pcdeQ=,vd8xXw6Re3aKC/p8iVj7JieyOI4=
-25,78,3MZm7mN+DwxhF4fGNve5G7pcdeQ=,vd8xXw6Re3aKC/p8iVj7JieyOI4=
-27,78,3MZm7mN+DwxhF4fGNve5G7pcdeQ=,vd8xXw6Re3aKC/p8iVj7JieyOI4=
-30,78,3MZm7mN+DwxhF4fGNve5G7pcdeQ=,vd8xXw6Re3aKC/p8iVj7JieyOI4=
-28,78,3MZm7mN+DwxhF4fGNve5G7pcdeQ=,vd8xXw6Re3aKC/p8iVj7JieyOI4=
-29,78,3MZm7mN+DwxhF4fGNve5G7pcdeQ=,vd8xXw6Re3aKC/p8iVj7JieyOI4=
-31,78,3MZm7mN+DwxhF4fGNve5G7pcdeQ=,vd8xXw6Re3aKC/p8iVj7JieyOI4=
-23,67,3MZm7mN+DwxhF4fGNve5G7pcdeQ=,vd8xXw6Re3aKC/p8iVj7JieyOI4=
-32,78,3MZm7mN+DwxhF4fGNve5G7pcdeQ=,vd8xXw6Re3aKC/p8iVj7JieyOI4=
-31,64,3MZm7mN+DwxhF4fGNve5G7pcdeQ=,vd8xXw6Re3aKC/p8iVj7JieyOI4=
-20,78,3MZm7mN+DwxhF4fGNve5G7pcdeQ=,vd8xXw6Re3aKC/p8iVj7JieyOI4=
-18,77,3MZm7mN+DwxhF4fGNve5G7pcdeQ=,vd8xXw6Re3aKC/p8iVj7JieyOI4=
-18,78,3MZm7mN+DwxhF4fGNve5G7pcdeQ=,vd8xXw6Re3aKC/p8iVj7JieyOI4=
-19,77,3MZm7mN+DwxhF4fGNve5G7pcdeQ=,vd8xXw6Re3aKC/p8iVj7JieyOI4=
-21,77,3MZm7mN+DwxhF4fGNve5G7pcdeQ=,vd8xXw6Re3aKC/p8iVj7JieyOI4=
-20,77,3MZm7mN+DwxhF4fGNve5G7pcdeQ=,vd8xXw6Re3aKC/p8iVj7JieyOI4=
-22,77,3MZm7mN+DwxhF4fGNve5G7pcdeQ=,vd8xXw6Re3aKC/p8iVj7JieyOI4=
-23,77,3MZm7mN+DwxhF4fGNve5G7pcdeQ=,vd8xXw6Re3aKC/p8iVj7JieyOI4=
-24,77,3MZm7mN+DwxhF4fGNve5G7pcdeQ=,vd8xXw6Re3aKC/p8iVj7JieyOI4=
-27,77,3MZm7mN+DwxhF4fGNve5G7pcdeQ=,vd8xXw6Re3aKC/p8iVj7JieyOI4=
-25,77,3MZm7mN+DwxhF4fGNve5G7pcdeQ=,vd8xXw6Re3aKC/p8iVj7JieyOI4=
-26,77,3MZm7mN+DwxhF4fGNve5G7pcdeQ=,vd8xXw6Re3aKC/p8iVj7JieyOI4=
-28,77,3MZm7mN+DwxhF4fGNve5G7pcdeQ=,vd8xXw6Re3aKC/p8iVj7JieyOI4=
-29,77,3MZm7mN+DwxhF4fGNve5G7pcdeQ=,vd8xXw6Re3aKC/p8iVj7JieyOI4=
-19,65,3MZm7mN+DwxhF4fGNve5G7pcdeQ=,vd8xXw6Re3aKC/p8iVj7JieyOI4=
-17,64,3MZm7mN+DwxhF4fGNve5G7pcdeQ=,vd8xXw6Re3aKC/p8iVj7JieyOI4=
-24,67,3MZm7mN+DwxhF4fGNve5G7pcdeQ=,vd8xXw6Re3aKC/p8iVj7JieyOI4=
-30,77,3MZm7mN+DwxhF4fGNve5G7pcdeQ=,vd8xXw6Re3aKC/p8iVj7JieyOI4=
-20,65,3MZm7mN+DwxhF4fGNve5G7pcdeQ=,vd8xXw6Re3aKC/p8iVj7JieyOI4=
-32,77,3MZm7mN+DwxhF4fGNve5G7pcdeQ=,vd8xXw6Re3aKC/p8iVj7JieyOI4=
-18,76,3MZm7mN+DwxhF4fGNve5G7pcdeQ=,vd8xXw6Re3aKC/p8iVj7JieyOI4=
-21,76,3MZm7mN+DwxhF4fGNve5G7pcdeQ=,vd8xXw6Re3aKC/p8iVj7JieyOI4=
-22,76,3MZm7mN+DwxhF4fGNve5G7pcdeQ=,vd8xXw6Re3aKC/p8iVj7JieyOI4=
-20,76,3MZm7mN+DwxhF4fGNve5G7pcdeQ=,vd8xXw6Re3aKC/p8iVj7JieyOI4=
-19,76,3MZm7mN+DwxhF4fGNve5G7pcdeQ=,vd8xXw6Re3aKC/p8iVj7JieyOI4=
-31,77,3MZm7mN+DwxhF4fGNve5G7pcdeQ=,vd8xXw6Re3aKC/p8iVj7JieyOI4=
-24,76,3MZm7mN+DwxhF4fGNve5G7pcdeQ=,vd8xXw6Re3aKC/p8iVj7JieyOI4=
-25,76,3MZm7mN+DwxhF4fGNve5G7pcdeQ=,vd8xXw6Re3aKC/p8iVj7JieyOI4=
-26,76,3MZm7mN+DwxhF4fGNve5G7pcdeQ=,vd8xXw6Re3aKC/p8iVj7JieyOI4=
-28,76,3MZm7mN+DwxhF4fGNve5G7pcdeQ=,vd8xXw6Re3aKC/p8iVj7JieyOI4=
-27,76,3MZm7mN+DwxhF4fGNve5G7pcdeQ=,vd8xXw6Re3aKC/p8iVj7JieyOI4=
-23,76,3MZm7mN+DwxhF4fGNve5G7pcdeQ=,vd8xXw6Re3aKC/p8iVj7JieyOI4=
-25,67,3MZm7mN+DwxhF4fGNve5G7pcdeQ=,vd8xXw6Re3aKC/p8iVj7JieyOI4=
-18,64,3MZm7mN+DwxhF4fGNve5G7pcdeQ=,vd8xXw6Re3aKC/p8iVj7JieyOI4=
-29,76,3MZm7mN+DwxhF4fGNve5G7pcdeQ=,vd8xXw6Re3aKC/p8iVj7JieyOI4=
-21,65,3MZm7mN+DwxhF4fGNve5G7pcdeQ=,vd8xXw6Re3aKC/p8iVj7JieyOI4=
-31,76,3MZm7mN+DwxhF4fGNve5G7pcdeQ=,vd8xXw6Re3aKC/p8iVj7JieyOI4=
-30,76,3MZm7mN+DwxhF4fGNve5G7pcdeQ=,vd8xXw6Re3aKC/p8iVj7JieyOI4=
-18,75,3MZm7mN+DwxhF4fGNve5G7pcdeQ=,vd8xXw6Re3aKC/p8iVj7JieyOI4=
-31,65,3MZm7mN+DwxhF4fGNve5G7pcdeQ=,vd8xXw6Re3aKC/p8iVj7JieyOI4=
-32,76,3MZm7mN+DwxhF4fGNve5G7pcdeQ=,vd8xXw6Re3aKC/p8iVj7JieyOI4=
-20,75,3MZm7mN+DwxhF4fGNve5G7pcdeQ=,vd8xXw6Re3aKC/p8iVj7JieyOI4=
-22,75,3MZm7mN+DwxhF4fGNve5G7pcdeQ=,vd8xXw6Re3aKC/p8iVj7JieyOI4=
-31,66,3MZm7mN+DwxhF4fGNve5G7pcdeQ=,vd8xXw6Re3aKC/p8iVj7JieyOI4=
-21,75,3MZm7mN+DwxhF4fGNve5G7pcdeQ=,vd8xXw6Re3aKC/p8iVj7JieyOI4=
-19,75,3MZm7mN+DwxhF4fGNve5G7pcdeQ=,vd8xXw6Re3aKC/p8iVj7JieyOI4=
-23,75,3MZm7mN+DwxhF4fGNve5G7pcdeQ=,vd8xXw6Re3aKC/p8iVj7JieyOI4=
-24,75,3MZm7mN+DwxhF4fGNve5G7pcdeQ=,vd8xXw6Re3aKC/p8iVj7JieyOI4=
-17,78,3MZm7mN+DwxhF4fGNve5G7pcdeQ=,vd8xXw6Re3aKC/p8iVj7JieyOI4=
-27,75,3MZm7mN+DwxhF4fGNve5G7pcdeQ=,vd8xXw6Re3aKC/p8iVj7JieyOI4=
-25,75,3MZm7mN+DwxhF4fGNve5G7pcdeQ=,vd8xXw6Re3aKC/p8iVj7JieyOI4=
-26,67,3MZm7mN+DwxhF4fGNve5G7pcdeQ=,vd8xXw6Re3aKC/p8iVj7JieyOI4=
-26,75,3MZm7mN+DwxhF4fGNve5G7pcdeQ=,vd8xXw6Re3aKC/p8iVj7JieyOI4=
-19,64,3MZm7mN+DwxhF4fGNve5G7pcdeQ=,vd8xXw6Re3aKC/p8iVj7JieyOI4=
-29,75,3MZm7mN+DwxhF4fGNve5G7pcdeQ=,vd8xXw6Re3aKC/p8iVj7JieyOI4=
-28,75,3MZm7mN+DwxhF4fGNve5G7pcdeQ=,vd8xXw6Re3aKC/p8iVj7JieyOI4=
-30,75,3MZm7mN+DwxhF4fGNve5G7pcdeQ=,vd8xXw6Re3aKC/p8iVj7JieyOI4=
-31,75,3MZm7mN+DwxhF4fGNve5G7pcdeQ=,vd8xXw6Re3aKC/p8iVj7JieyOI4=
-32,75,3MZm7mN+DwxhF4fGNve5G7pcdeQ=,vd8xXw6Re3aKC/p8iVj7JieyOI4=
-18,74,3MZm7mN+DwxhF4fGNve5G7pcdeQ=,vd8xXw6Re3aKC/p8iVj7JieyOI4=
-22,65,3MZm7mN+DwxhF4fGNve5G7pcdeQ=,vd8xXw6Re3aKC/p8iVj7JieyOI4=
-17,74,3MZm7mN+DwxhF4fGNve5G7pcdeQ=,vd8xXw6Re3aKC/p8iVj7JieyOI4=
-20,74,3MZm7mN+DwxhF4fGNve5G7pcdeQ=,vd8xXw6Re3aKC/p8iVj7JieyOI4=
-19,74,3MZm7mN+DwxhF4fGNve5G7pcdeQ=,vd8xXw6Re3aKC/p8iVj7JieyOI4=
-32,66,3MZm7mN+DwxhF4fGNve5G7pcdeQ=,vd8xXw6Re3aKC/p8iVj7JieyOI4=
-21,74,3MZm7mN+DwxhF4fGNve5G7pcdeQ=,vd8xXw6Re3aKC/p8iVj7JieyOI4=
-23,74,3MZm7mN+DwxhF4fGNve5G7pcdeQ=,vd8xXw6Re3aKC/p8iVj7JieyOI4=
-25,74,3MZm7mN+DwxhF4fGNve5G7pcdeQ=,vd8xXw6Re3aKC/p8iVj7JieyOI4=
-22,74,3MZm7mN+DwxhF4fGNve5G7pcdeQ=,vd8xXw6Re3aKC/p8iVj7JieyOI4=
-26,74,3MZm7mN+DwxhF4fGNve5G7pcdeQ=,vd8xXw6Re3aKC/p8iVj7JieyOI4=
-20,64,3MZm7mN+DwxhF4fGNve5G7pcdeQ=,vd8xXw6Re3aKC/p8iVj7JieyOI4=
-27,67,3MZm7mN+DwxhF4fGNve5G7pcdeQ=,vd8xXw6Re3aKC/p8iVj7JieyOI4=
-24,74,3MZm7mN+DwxhF4fGNve5G7pcdeQ=,vd8xXw6Re3aKC/p8iVj7JieyOI4=
-28,74,3MZm7mN+DwxhF4fGNve5G7pcdeQ=,vd8xXw6Re3aKC/p8iVj7JieyOI4=
-31,74,3MZm7mN+DwxhF4fGNve5G7pcdeQ=,vd8xXw6Re3aKC/p8iVj7JieyOI4=
-30,74,3MZm7mN+DwxhF4fGNve5G7pcdeQ=,vd8xXw6Re3aKC/p8iVj7JieyOI4=
-27,74,3MZm7mN+DwxhF4fGNve5G7pcdeQ=,vd8xXw6Re3aKC/p8iVj7JieyOI4=
-23,65,3MZm7mN+DwxhF4fGNve5G7pcdeQ=,vd8xXw6Re3aKC/p8iVj7JieyOI4=
-32,74,3MZm7mN+DwxhF4fGNve5G7pcdeQ=,vd8xXw6Re3aKC/p8iVj7JieyOI4=
-17,73,3MZm7mN+DwxhF4fGNve5G7pcdeQ=,vd8xXw6Re3aKC/p8iVj7JieyOI4=
-18,73,3MZm7mN+DwxhF4fGNve5G7pcdeQ=,vd8xXw6Re3aKC/p8iVj7JieyOI4=
-19,73,3MZm7mN+DwxhF4fGNve5G7pcdeQ=,vd8xXw6Re3aKC/p8iVj7JieyOI4=
-29,74,3MZm7mN+DwxhF4fGNve5G7pcdeQ=,vd8xXw6Re3aKC/p8iVj7JieyOI4=
-22,73,3MZm7mN+DwxhF4fGNve5G7pcdeQ=,vd8xXw6Re3aKC/p8iVj7JieyOI4=
-20,73,3MZm7mN+DwxhF4fGNve5G7pcdeQ=,vd8xXw6Re3aKC/p8iVj7JieyOI4=
-21,73,3MZm7mN+DwxhF4fGNve5G7pcdeQ=,vd8xXw6Re3aKC/p8iVj7JieyOI4=
-24,73,3MZm7mN+DwxhF4fGNve5G7pcdeQ=,vd8xXw6Re3aKC/p8iVj7JieyOI4=
-23,73,3MZm7mN+DwxhF4fGNve5G7pcdeQ=,vd8xXw6Re3aKC/p8iVj7JieyOI4=
-21,64,3MZm7mN+DwxhF4fGNve5G7pcdeQ=,vd8xXw6Re3aKC/p8iVj7JieyOI4=
-25,73,3MZm7mN+DwxhF4fGNve5G7pcdeQ=,vd8xXw6Re3aKC/p8iVj7JieyOI4=
-28,67,3MZm7mN+DwxhF4fGNve5G7pcdeQ=,vd8xXw6Re3aKC/p8iVj7JieyOI4=
-26,73,3MZm7mN+DwxhF4fGNve5G7pcdeQ=,vd8xXw6Re3aKC/p8iVj7JieyOI4=
-27,73,3MZm7mN+DwxhF4fGNve5G7pcdeQ=,vd8xXw6Re3aKC/p8iVj7JieyOI4=
-29,73,3MZm7mN+DwxhF4fGNve5G7pcdeQ=,vd8xXw6Re3aKC/p8iVj7JieyOI4=
-28,73,3MZm7mN+DwxhF4fGNve5G7pcdeQ=,vd8xXw6Re3aKC/p8iVj7JieyOI4=
-31,73,3MZm7mN+DwxhF4fGNve5G7pcdeQ=,vd8xXw6Re3aKC/p8iVj7JieyOI4=
-30,73,3MZm7mN+DwxhF4fGNve5G7pcdeQ=,vd8xXw6Re3aKC/p8iVj7JieyOI4=
-32,73,3MZm7mN+DwxhF4fGNve5G7pcdeQ=,vd8xXw6Re3aKC/p8iVj7JieyOI4=
-17,72,3MZm7mN+DwxhF4fGNve5G7pcdeQ=,vd8xXw6Re3aKC/p8iVj7JieyOI4=
-24,65,3MZm7mN+DwxhF4fGNve5G7pcdeQ=,vd8xXw6Re3aKC/p8iVj7JieyOI4=
-21,72,3MZm7mN+DwxhF4fGNve5G7pcdeQ=,vd8xXw6Re3aKC/p8iVj7JieyOI4=
-18,72,3MZm7mN+DwxhF4fGNve5G7pcdeQ=,vd8xXw6Re3aKC/p8iVj7JieyOI4=
-20,72,3MZm7mN+DwxhF4fGNve5G7pcdeQ=,vd8xXw6Re3aKC/p8iVj7JieyOI4=
-19,72,3MZm7mN+DwxhF4fGNve5G7pcdeQ=,vd8xXw6Re3aKC/p8iVj7JieyOI4=
-23,72,3MZm7mN+DwxhF4fGNve5G7pcdeQ=,vd8xXw6Re3aKC/p8iVj7JieyOI4=
-22,72,3MZm7mN+DwxhF4fGNve5G7pcdeQ=,vd8xXw6Re3aKC/p8iVj7JieyOI4=
-24,72,3MZm7mN+DwxhF4fGNve5G7pcdeQ=,vd8xXw6Re3aKC/p8iVj7JieyOI4=
-25,72,3MZm7mN+DwxhF4fGNve5G7pcdeQ=,vd8xXw6Re3aKC/p8iVj7JieyOI4=
-22,64,3MZm7mN+DwxhF4fGNve5G7pcdeQ=,vd8xXw6Re3aKC/p8iVj7JieyOI4=
-26,72,3MZm7mN+DwxhF4fGNve5G7pcdeQ=,vd8xXw6Re3aKC/p8iVj7JieyOI4=
-27,72,3MZm7mN+DwxhF4fGNve5G7pcdeQ=,vd8xXw6Re3aKC/p8iVj7JieyOI4=
-28,72,3MZm7mN+DwxhF4fGNve5G7pcdeQ=,vd8xXw6Re3aKC/p8iVj7JieyOI4=
-29,72,3MZm7mN+DwxhF4fGNve5G7pcdeQ=,vd8xXw6Re3aKC/p8iVj7JieyOI4=
-30,72,3MZm7mN+DwxhF4fGNve5G7pcdeQ=,vd8xXw6Re3aKC/p8iVj7JieyOI4=
-32,65,3MZm7mN+DwxhF4fGNve5G7pcdeQ=,vd8xXw6Re3aKC/p8iVj7JieyOI4=
-17,77,3MZm7mN+DwxhF4fGNve5G7pcdeQ=,vd8xXw6Re3aKC/p8iVj7JieyOI4=
-17,71,3MZm7mN+DwxhF4fGNve5G7pcdeQ=,vd8xXw6Re3aKC/p8iVj7JieyOI4=
-32,72,3MZm7mN+DwxhF4fGNve5G7pcdeQ=,vd8xXw6Re3aKC/p8iVj7JieyOI4=
-25,65,3MZm7mN+DwxhF4fGNve5G7pcdeQ=,vd8xXw6Re3aKC/p8iVj7JieyOI4=
-20,71,3MZm7mN+DwxhF4fGNve5G7pcdeQ=,vd8xXw6Re3aKC/p8iVj7JieyOI4=
-18,71,3MZm7mN+DwxhF4fGNve5G7pcdeQ=,vd8xXw6Re3aKC/p8iVj7JieyOI4=
-19,71,3MZm7mN+DwxhF4fGNve5G7pcdeQ=,vd8xXw6Re3aKC/p8iVj7JieyOI4=
-31,72,3MZm7mN+DwxhF4fGNve5G7pcdeQ=,vd8xXw6Re3aKC/p8iVj7JieyOI4=
-21,71,3MZm7mN+DwxhF4fGNve5G7pcdeQ=,vd8xXw6Re3aKC/p8iVj7JieyOI4=
-22,71,3MZm7mN+DwxhF4fGNve5G7pcdeQ=,vd8xXw6Re3aKC/p8iVj7JieyOI4=
-23,71,3MZm7mN+DwxhF4fGNve5G7pcdeQ=,vd8xXw6Re3aKC/p8iVj7JieyOI4=
-32,68,3MZm7mN+DwxhF4fGNve5G7pcdeQ=,vd8xXw6Re3aKC/p8iVj7JieyOI4=
-23,64,3MZm7mN+DwxhF4fGNve5G7pcdeQ=,vd8xXw6Re3aKC/p8iVj7JieyOI4=
-27,71,3MZm7mN+DwxhF4fGNve5G7pcdeQ=,vd8xXw6Re3aKC/p8iVj7JieyOI4=
-24,71,3MZm7mN+DwxhF4fGNve5G7pcdeQ=,vd8xXw6Re3aKC/p8iVj7JieyOI4=
-25,71,3MZm7mN+DwxhF4fGNve5G7pcdeQ=,vd8xXw6Re3aKC/p8iVj7JieyOI4=
-28,71,3MZm7mN+DwxhF4fGNve5G7pcdeQ=,vd8xXw6Re3aKC/p8iVj7JieyOI4=
-26,71,3MZm7mN+DwxhF4fGNve5G7pcdeQ=,vd8xXw6Re3aKC/p8iVj7JieyOI4=
-29,71,3MZm7mN+DwxhF4fGNve5G7pcdeQ=,vd8xXw6Re3aKC/p8iVj7JieyOI4=
-27,64,3MZm7mN+DwxhF4fGNve5G7pcdeQ=,vd8xXw6Re3aKC/p8iVj7JieyOI4=
-26,65,3MZm7mN+DwxhF4fGNve5G7pcdeQ=,vd8xXw6Re3aKC/p8iVj7JieyOI4=
-32,71,3MZm7mN+DwxhF4fGNve5G7pcdeQ=,vd8xXw6Re3aKC/p8iVj7JieyOI4=
-17,70,3MZm7mN+DwxhF4fGNve5G7pcdeQ=,vd8xXw6Re3aKC/p8iVj7JieyOI4=
-18,70,3MZm7mN+DwxhF4fGNve5G7pcdeQ=,vd8xXw6Re3aKC/p8iVj7JieyOI4=
-30,65,3MZm7mN+DwxhF4fGNve5G7pcdeQ=,vd8xXw6Re3aKC/p8iVj7JieyOI4=
-19,70,3MZm7mN+DwxhF4fGNve5G7pcdeQ=,vd8xXw6Re3aKC/p8iVj7JieyOI4=
-20,70,3MZm7mN+DwxhF4fGNve5G7pcdeQ=,vd8xXw6Re3aKC/p8iVj7JieyOI4=
-21,70,3MZm7mN+DwxhF4fGNve5G7pcdeQ=,vd8xXw6Re3aKC/p8iVj7JieyOI4=
-22,70,3MZm7mN+DwxhF4fGNve5G7pcdeQ=,vd8xXw6Re3aKC/p8iVj7JieyOI4=
-24,64,3MZm7mN+DwxhF4fGNve5G7pcdeQ=,vd8xXw6Re3aKC/p8iVj7JieyOI4=
-23,70,3MZm7mN+DwxhF4fGNve5G7pcdeQ=,vd8xXw6Re3aKC/p8iVj7JieyOI4=
-24,70,3MZm7mN+DwxhF4fGNve5G7pcdeQ=,vd8xXw6Re3aKC/p8iVj7JieyOI4=
-25,70,3MZm7mN+DwxhF4fGNve5G7pcdeQ=,vd8xXw6Re3aKC/p8iVj7JieyOI4=
-28,70,3MZm7mN+DwxhF4fGNve5G7pcdeQ=,vd8xXw6Re3aKC/p8iVj7JieyOI4=
-26,70,3MZm7mN+DwxhF4fGNve5G7pcdeQ=,vd8xXw6Re3aKC/p8iVj7JieyOI4=
-27,70,3MZm7mN+DwxhF4fGNve5G7pcdeQ=,vd8xXw6Re3aKC/p8iVj7JieyOI4=
-30,71,3MZm7mN+DwxhF4fGNve5G7pcdeQ=,vd8xXw6Re3aKC/p8iVj7JieyOI4=
-29,70,3MZm7mN+DwxhF4fGNve5G7pcdeQ=,vd8xXw6Re3aKC/p8iVj7JieyOI4=
-17,75,3MZm7mN+DwxhF4fGNve5G7pcdeQ=,vd8xXw6Re3aKC/p8iVj7JieyOI4=
-29,67,3MZm7mN+DwxhF4fGNve5G7pcdeQ=,vd8xXw6Re3aKC/p8iVj7JieyOI4=
-17,76,3MZm7mN+DwxhF4fGNve5G7pcdeQ=,vd8xXw6Re3aKC/p8iVj7JieyOI4=
-17,69,3MZm7mN+DwxhF4fGNve5G7pcdeQ=,vd8xXw6Re3aKC/p8iVj7JieyOI4=
-18,69,3MZm7mN+DwxhF4fGNve5G7pcdeQ=,vd8xXw6Re3aKC/p8iVj7JieyOI4=
-27,65,3MZm7mN+DwxhF4fGNve5G7pcdeQ=,vd8xXw6Re3aKC/p8iVj7JieyOI4=
-19,69,3MZm7mN+DwxhF4fGNve5G7pcdeQ=,vd8xXw6Re3aKC/p8iVj7JieyOI4=
-20,69,3MZm7mN+DwxhF4fGNve5G7pcdeQ=,vd8xXw6Re3aKC/p8iVj7JieyOI4=
-21,69,3MZm7mN+DwxhF4fGNve5G7pcdeQ=,vd8xXw6Re3aKC/p8iVj7JieyOI4=
-25,64,3MZm7mN+DwxhF4fGNve5G7pcdeQ=,vd8xXw6Re3aKC/p8iVj7JieyOI4=
-28,65,3MZm7mN+DwxhF4fGNve5G7pcdeQ=,vd8xXw6Re3aKC/p8iVj7JieyOI4=
-22,69,3MZm7mN+DwxhF4fGNve5G7pcdeQ=,vd8xXw6Re3aKC/p8iVj7JieyOI4=
-23,69,3MZm7mN+DwxhF4fGNve5G7pcdeQ=,vd8xXw6Re3aKC/p8iVj7JieyOI4=
-25,69,3MZm7mN+DwxhF4fGNve5G7pcdeQ=,vd8xXw6Re3aKC/p8iVj7JieyOI4=
-24,69,3MZm7mN+DwxhF4fGNve5G7pcdeQ=,vd8xXw6Re3aKC/p8iVj7JieyOI4=
-27,69,3MZm7mN+DwxhF4fGNve5G7pcdeQ=,vd8xXw6Re3aKC/p8iVj7JieyOI4=
-26,69,3MZm7mN+DwxhF4fGNve5G7pcdeQ=,vd8xXw6Re3aKC/p8iVj7JieyOI4=
-28,69,3MZm7mN+DwxhF4fGNve5G7pcdeQ=,vd8xXw6Re3aKC/p8iVj7JieyOI4=
-30,70,3MZm7mN+DwxhF4fGNve5G7pcdeQ=,vd8xXw6Re3aKC/p8iVj7JieyOI4=
-29,65,3MZm7mN+DwxhF4fGNve5G7pcdeQ=,vd8xXw6Re3aKC/p8iVj7JieyOI4=
-31,68,3MZm7mN+DwxhF4fGNve5G7pcdeQ=,vd8xXw6Re3aKC/p8iVj7JieyOI4=
-31,71,3MZm7mN+DwxhF4fGNve5G7pcdeQ=,vd8xXw6Re3aKC/p8iVj7JieyOI4=
-17,68,3MZm7mN+DwxhF4fGNve5G7pcdeQ=,vd8xXw6Re3aKC/p8iVj7JieyOI4=
-31,70,3MZm7mN+DwxhF4fGNve5G7pcdeQ=,vd8xXw6Re3aKC/p8iVj7JieyOI4=
-18,68,3MZm7mN+DwxhF4fGNve5G7pcdeQ=,vd8xXw6Re3aKC/p8iVj7JieyOI4=
-19,68,3MZm7mN+DwxhF4fGNve5G7pcdeQ=,vd8xXw6Re3aKC/p8iVj7JieyOI4=
-20,68,3MZm7mN+DwxhF4fGNve5G7pcdeQ=,vd8xXw6Re3aKC/p8iVj7JieyOI4=
-30,67,3MZm7mN+DwxhF4fGNve5G7pcdeQ=,vd8xXw6Re3aKC/p8iVj7JieyOI4=
-26,64,3MZm7mN+DwxhF4fGNve5G7pcdeQ=,vd8xXw6Re3aKC/p8iVj7JieyOI4=
-21,68,3MZm7mN+DwxhF4fGNve5G7pcdeQ=,vd8xXw6Re3aKC/p8iVj7JieyOI4=
-17,66,3MZm7mN+DwxhF4fGNve5G7pcdeQ=,vd8xXw6Re3aKC/p8iVj7JieyOI4=
-22,68,3MZm7mN+DwxhF4fGNve5G7pcdeQ=,vd8xXw6Re3aKC/p8iVj7JieyOI4=
-31,67,3MZm7mN+DwxhF4fGNve5G7pcdeQ=,vd8xXw6Re3aKC/p8iVj7JieyOI4=
-23,68,3MZm7mN+DwxhF4fGNve5G7pcdeQ=,vd8xXw6Re3aKC/p8iVj7JieyOI4=
-24,68,3MZm7mN+DwxhF4fGNve5G7pcdeQ=,vd8xXw6Re3aKC/p8iVj7JieyOI4=
-25,68,3MZm7mN+DwxhF4fGNve5G7pcdeQ=,vd8xXw6Re3aKC/p8iVj7JieyOI4=
-26,68,3MZm7mN+DwxhF4fGNve5G7pcdeQ=,vd8xXw6Re3aKC/p8iVj7JieyOI4=
-27,68,3MZm7mN+DwxhF4fGNve5G7pcdeQ=,vd8xXw6Re3aKC/p8iVj7JieyOI4=
-28,68,3MZm7mN+DwxhF4fGNve5G7pcdeQ=,vd8xXw6Re3aKC/p8iVj7JieyOI4=
-32,64,3MZm7mN+DwxhF4fGNve5G7pcdeQ=,vd8xXw6Re3aKC/p8iVj7JieyOI4=
-29,69,3MZm7mN+DwxhF4fGNve5G7pcdeQ=,vd8xXw6Re3aKC/p8iVj7JieyOI4=
-31,69,3MZm7mN+DwxhF4fGNve5G7pcdeQ=,vd8xXw6Re3aKC/p8iVj7JieyOI4=
-32,70,3MZm7mN+DwxhF4fGNve5G7pcdeQ=,vd8xXw6Re3aKC/p8iVj7JieyOI4=
-30,69,3MZm7mN+DwxhF4fGNve5G7pcdeQ=,vd8xXw6Re3aKC/p8iVj7JieyOI4=
-32,67,3MZm7mN+DwxhF4fGNve5G7pcdeQ=,vd8xXw6Re3aKC/p8iVj7JieyOI4=
-29,68,3MZm7mN+DwxhF4fGNve5G7pcdeQ=,vd8xXw6Re3aKC/p8iVj7JieyOI4=
-30,68,3MZm7mN+DwxhF4fGNve5G7pcdeQ=,vd8xXw6Re3aKC/p8iVj7JieyOI4=
-32,69,3MZm7mN+DwxhF4fGNve5G7pcdeQ=,vd8xXw6Re3aKC/p8iVj7JieyOI4=
-29,80,Ras7hkbFn39gQKZS53qSirJwv1g=,LcUX1kVfD+mhuSUCuOZnLAIk89M=
-24,82,Ras7hkbFn39gQKZS53qSirJwv1g=,LcUX1kVfD+mhuSUCuOZnLAIk89M=
-25,82,Ras7hkbFn39gQKZS53qSirJwv1g=,LcUX1kVfD+mhuSUCuOZnLAIk89M=
-26,82,Ras7hkbFn39gQKZS53qSirJwv1g=,LcUX1kVfD+mhuSUCuOZnLAIk89M=
-27,82,Ras7hkbFn39gQKZS53qSirJwv1g=,LcUX1kVfD+mhuSUCuOZnLAIk89M=
-29,82,Ras7hkbFn39gQKZS53qSirJwv1g=,LcUX1kVfD+mhuSUCuOZnLAIk89M=
-28,82,Ras7hkbFn39gQKZS53qSirJwv1g=,LcUX1kVfD+mhuSUCuOZnLAIk89M=
-31,82,Ras7hkbFn39gQKZS53qSirJwv1g=,LcUX1kVfD+mhuSUCuOZnLAIk89M=
-32,82,Ras7hkbFn39gQKZS53qSirJwv1g=,LcUX1kVfD+mhuSUCuOZnLAIk89M=
-30,82,Ras7hkbFn39gQKZS53qSirJwv1g=,LcUX1kVfD+mhuSUCuOZnLAIk89M=
-17,81,Ras7hkbFn39gQKZS53qSirJwv1g=,LcUX1kVfD+mhuSUCuOZnLAIk89M=
-19,95,Ras7hkbFn39gQKZS53qSirJwv1g=,LcUX1kVfD+mhuSUCuOZnLAIk89M=
-20,83,Ras7hkbFn39gQKZS53qSirJwv1g=,LcUX1kVfD+mhuSUCuOZnLAIk89M=
-22,82,Ras7hkbFn39gQKZS53qSirJwv1g=,LcUX1kVfD+mhuSUCuOZnLAIk89M=
-23,82,Ras7hkbFn39gQKZS53qSirJwv1g=,LcUX1kVfD+mhuSUCuOZnLAIk89M=
-30,80,Ras7hkbFn39gQKZS53qSirJwv1g=,LcUX1kVfD+mhuSUCuOZnLAIk89M=
-21,82,Ras7hkbFn39gQKZS53qSirJwv1g=,LcUX1kVfD+mhuSUCuOZnLAIk89M=
-20,82,Ras7hkbFn39gQKZS53qSirJwv1g=,LcUX1kVfD+mhuSUCuOZnLAIk89M=
-20,95,Ras7hkbFn39gQKZS53qSirJwv1g=,LcUX1kVfD+mhuSUCuOZnLAIk89M=
-22,95,Ras7hkbFn39gQKZS53qSirJwv1g=,LcUX1kVfD+mhuSUCuOZnLAIk89M=
-23,95,Ras7hkbFn39gQKZS53qSirJwv1g=,LcUX1kVfD+mhuSUCuOZnLAIk89M=
-21,83,Ras7hkbFn39gQKZS53qSirJwv1g=,LcUX1kVfD+mhuSUCuOZnLAIk89M=
-29,95,Ras7hkbFn39gQKZS53qSirJwv1g=,LcUX1kVfD+mhuSUCuOZnLAIk89M=
-22,83,Ras7hkbFn39gQKZS53qSirJwv1g=,LcUX1kVfD+mhuSUCuOZnLAIk89M=
-17,95,Ras7hkbFn39gQKZS53qSirJwv1g=,LcUX1kVfD+mhuSUCuOZnLAIk89M=
-24,95,Ras7hkbFn39gQKZS53qSirJwv1g=,LcUX1kVfD+mhuSUCuOZnLAIk89M=
-18,95,Ras7hkbFn39gQKZS53qSirJwv1g=,LcUX1kVfD+mhuSUCuOZnLAIk89M=
-19,83,Ras7hkbFn39gQKZS53qSirJwv1g=,LcUX1kVfD+mhuSUCuOZnLAIk89M=
-28,80,Ras7hkbFn39gQKZS53qSirJwv1g=,LcUX1kVfD+mhuSUCuOZnLAIk89M=
-18,82,Ras7hkbFn39gQKZS53qSirJwv1g=,LcUX1kVfD+mhuSUCuOZnLAIk89M=
-27,95,Ras7hkbFn39gQKZS53qSirJwv1g=,LcUX1kVfD+mhuSUCuOZnLAIk89M=
-21,95,Ras7hkbFn39gQKZS53qSirJwv1g=,LcUX1kVfD+mhuSUCuOZnLAIk89M=
-31,95,Ras7hkbFn39gQKZS53qSirJwv1g=,LcUX1kVfD+mhuSUCuOZnLAIk89M=
-20,94,Ras7hkbFn39gQKZS53qSirJwv1g=,LcUX1kVfD+mhuSUCuOZnLAIk89M=
-21,94,Ras7hkbFn39gQKZS53qSirJwv1g=,LcUX1kVfD+mhuSUCuOZnLAIk89M=
-30,95,Ras7hkbFn39gQKZS53qSirJwv1g=,LcUX1kVfD+mhuSUCuOZnLAIk89M=
-22,94,Ras7hkbFn39gQKZS53qSirJwv1g=,LcUX1kVfD+mhuSUCuOZnLAIk89M=
-23,94,Ras7hkbFn39gQKZS53qSirJwv1g=,LcUX1kVfD+mhuSUCuOZnLAIk89M=
-19,94,Ras7hkbFn39gQKZS53qSirJwv1g=,LcUX1kVfD+mhuSUCuOZnLAIk89M=
-25,95,Ras7hkbFn39gQKZS53qSirJwv1g=,LcUX1kVfD+mhuSUCuOZnLAIk89M=
-26,95,Ras7hkbFn39gQKZS53qSirJwv1g=,LcUX1kVfD+mhuSUCuOZnLAIk89M=
-18,94,Ras7hkbFn39gQKZS53qSirJwv1g=,LcUX1kVfD+mhuSUCuOZnLAIk89M=
-28,94,Ras7hkbFn39gQKZS53qSirJwv1g=,LcUX1kVfD+mhuSUCuOZnLAIk89M=
-18,83,Ras7hkbFn39gQKZS53qSirJwv1g=,LcUX1kVfD+mhuSUCuOZnLAIk89M=
-30,81,Ras7hkbFn39gQKZS53qSirJwv1g=,LcUX1kVfD+mhuSUCuOZnLAIk89M=
-27,80,Ras7hkbFn39gQKZS53qSirJwv1g=,LcUX1kVfD+mhuSUCuOZnLAIk89M=
-18,81,Ras7hkbFn39gQKZS53qSirJwv1g=,LcUX1kVfD+mhuSUCuOZnLAIk89M=
-19,82,Ras7hkbFn39gQKZS53qSirJwv1g=,LcUX1kVfD+mhuSUCuOZnLAIk89M=
-31,81,Ras7hkbFn39gQKZS53qSirJwv1g=,LcUX1kVfD+mhuSUCuOZnLAIk89M=
-32,81,Ras7hkbFn39gQKZS53qSirJwv1g=,LcUX1kVfD+mhuSUCuOZnLAIk89M=
-29,94,Ras7hkbFn39gQKZS53qSirJwv1g=,LcUX1kVfD+mhuSUCuOZnLAIk89M=
-26,94,Ras7hkbFn39gQKZS53qSirJwv1g=,LcUX1kVfD+mhuSUCuOZnLAIk89M=
-31,80,Ras7hkbFn39gQKZS53qSirJwv1g=,LcUX1kVfD+mhuSUCuOZnLAIk89M=
-27,94,Ras7hkbFn39gQKZS53qSirJwv1g=,LcUX1kVfD+mhuSUCuOZnLAIk89M=
-30,94,Ras7hkbFn39gQKZS53qSirJwv1g=,LcUX1kVfD+mhuSUCuOZnLAIk89M=
-17,94,Ras7hkbFn39gQKZS53qSirJwv1g=,LcUX1kVfD+mhuSUCuOZnLAIk89M=
-31,94,Ras7hkbFn39gQKZS53qSirJwv1g=,LcUX1kVfD+mhuSUCuOZnLAIk89M=
-25,94,Ras7hkbFn39gQKZS53qSirJwv1g=,LcUX1kVfD+mhuSUCuOZnLAIk89M=
-18,93,Ras7hkbFn39gQKZS53qSirJwv1g=,LcUX1kVfD+mhuSUCuOZnLAIk89M=
-22,93,Ras7hkbFn39gQKZS53qSirJwv1g=,LcUX1kVfD+mhuSUCuOZnLAIk89M=
-32,95,Ras7hkbFn39gQKZS53qSirJwv1g=,LcUX1kVfD+mhuSUCuOZnLAIk89M=
-32,94,Ras7hkbFn39gQKZS53qSirJwv1g=,LcUX1kVfD+mhuSUCuOZnLAIk89M=
-17,83,Ras7hkbFn39gQKZS53qSirJwv1g=,LcUX1kVfD+mhuSUCuOZnLAIk89M=
-31,84,Ras7hkbFn39gQKZS53qSirJwv1g=,LcUX1kVfD+mhuSUCuOZnLAIk89M=
-32,84,Ras7hkbFn39gQKZS53qSirJwv1g=,LcUX1kVfD+mhuSUCuOZnLAIk89M=
-30,84,Ras7hkbFn39gQKZS53qSirJwv1g=,LcUX1kVfD+mhuSUCuOZnLAIk89M=
-29,84,Ras7hkbFn39gQKZS53qSirJwv1g=,LcUX1kVfD+mhuSUCuOZnLAIk89M=
-32,80,Ras7hkbFn39gQKZS53qSirJwv1g=,LcUX1kVfD+mhuSUCuOZnLAIk89M=
-28,84,Ras7hkbFn39gQKZS53qSirJwv1g=,LcUX1kVfD+mhuSUCuOZnLAIk89M=
-27,84,Ras7hkbFn39gQKZS53qSirJwv1g=,LcUX1kVfD+mhuSUCuOZnLAIk89M=
-26,84,Ras7hkbFn39gQKZS53qSirJwv1g=,LcUX1kVfD+mhuSUCuOZnLAIk89M=
-24,94,Ras7hkbFn39gQKZS53qSirJwv1g=,LcUX1kVfD+mhuSUCuOZnLAIk89M=
-17,93,Ras7hkbFn39gQKZS53qSirJwv1g=,LcUX1kVfD+mhuSUCuOZnLAIk89M=
-21,93,Ras7hkbFn39gQKZS53qSirJwv1g=,LcUX1kVfD+mhuSUCuOZnLAIk89M=
-19,93,Ras7hkbFn39gQKZS53qSirJwv1g=,LcUX1kVfD+mhuSUCuOZnLAIk89M=
-23,83,Ras7hkbFn39gQKZS53qSirJwv1g=,LcUX1kVfD+mhuSUCuOZnLAIk89M=
-25,84,Ras7hkbFn39gQKZS53qSirJwv1g=,LcUX1kVfD+mhuSUCuOZnLAIk89M=
-20,93,Ras7hkbFn39gQKZS53qSirJwv1g=,LcUX1kVfD+mhuSUCuOZnLAIk89M=
-29,93,Ras7hkbFn39gQKZS53qSirJwv1g=,LcUX1kVfD+mhuSUCuOZnLAIk89M=
-23,93,Ras7hkbFn39gQKZS53qSirJwv1g=,LcUX1kVfD+mhuSUCuOZnLAIk89M=
-28,93,Ras7hkbFn39gQKZS53qSirJwv1g=,LcUX1kVfD+mhuSUCuOZnLAIk89M=
-31,93,Ras7hkbFn39gQKZS53qSirJwv1g=,LcUX1kVfD+mhuSUCuOZnLAIk89M=
-25,93,Ras7hkbFn39gQKZS53qSirJwv1g=,LcUX1kVfD+mhuSUCuOZnLAIk89M=
-27,93,Ras7hkbFn39gQKZS53qSirJwv1g=,LcUX1kVfD+mhuSUCuOZnLAIk89M=
-24,83,Ras7hkbFn39gQKZS53qSirJwv1g=,LcUX1kVfD+mhuSUCuOZnLAIk89M=
-26,93,Ras7hkbFn39gQKZS53qSirJwv1g=,LcUX1kVfD+mhuSUCuOZnLAIk89M=
-20,92,Ras7hkbFn39gQKZS53qSirJwv1g=,LcUX1kVfD+mhuSUCuOZnLAIk89M=
-22,92,Ras7hkbFn39gQKZS53qSirJwv1g=,LcUX1kVfD+mhuSUCuOZnLAIk89M=
-24,93,Ras7hkbFn39gQKZS53qSirJwv1g=,LcUX1kVfD+mhuSUCuOZnLAIk89M=
-17,92,Ras7hkbFn39gQKZS53qSirJwv1g=,LcUX1kVfD+mhuSUCuOZnLAIk89M=
-30,93,Ras7hkbFn39gQKZS53qSirJwv1g=,LcUX1kVfD+mhuSUCuOZnLAIk89M=
-17,80,Ras7hkbFn39gQKZS53qSirJwv1g=,LcUX1kVfD+mhuSUCuOZnLAIk89M=
-32,93,Ras7hkbFn39gQKZS53qSirJwv1g=,LcUX1kVfD+mhuSUCuOZnLAIk89M=
-19,92,Ras7hkbFn39gQKZS53qSirJwv1g=,LcUX1kVfD+mhuSUCuOZnLAIk89M=
-18,92,Ras7hkbFn39gQKZS53qSirJwv1g=,LcUX1kVfD+mhuSUCuOZnLAIk89M=
-19,81,Ras7hkbFn39gQKZS53qSirJwv1g=,LcUX1kVfD+mhuSUCuOZnLAIk89M=
-24,84,Ras7hkbFn39gQKZS53qSirJwv1g=,LcUX1kVfD+mhuSUCuOZnLAIk89M=
-18,80,Ras7hkbFn39gQKZS53qSirJwv1g=,LcUX1kVfD+mhuSUCuOZnLAIk89M=
-25,83,Ras7hkbFn39gQKZS53qSirJwv1g=,LcUX1kVfD+mhuSUCuOZnLAIk89M=
-23,92,Ras7hkbFn39gQKZS53qSirJwv1g=,LcUX1kVfD+mhuSUCuOZnLAIk89M=
-25,92,Ras7hkbFn39gQKZS53qSirJwv1g=,LcUX1kVfD+mhuSUCuOZnLAIk89M=
-24,92,Ras7hkbFn39gQKZS53qSirJwv1g=,LcUX1kVfD+mhuSUCuOZnLAIk89M=
-32,92,Ras7hkbFn39gQKZS53qSirJwv1g=,LcUX1kVfD+mhuSUCuOZnLAIk89M=
-28,92,Ras7hkbFn39gQKZS53qSirJwv1g=,LcUX1kVfD+mhuSUCuOZnLAIk89M=
-30,92,Ras7hkbFn39gQKZS53qSirJwv1g=,LcUX1kVfD+mhuSUCuOZnLAIk89M=
-20,81,Ras7hkbFn39gQKZS53qSirJwv1g=,LcUX1kVfD+mhuSUCuOZnLAIk89M=
-22,91,Ras7hkbFn39gQKZS53qSirJwv1g=,LcUX1kVfD+mhuSUCuOZnLAIk89M=
-31,92,Ras7hkbFn39gQKZS53qSirJwv1g=,LcUX1kVfD+mhuSUCuOZnLAIk89M=
-29,92,Ras7hkbFn39gQKZS53qSirJwv1g=,LcUX1kVfD+mhuSUCuOZnLAIk89M=
-18,91,Ras7hkbFn39gQKZS53qSirJwv1g=,LcUX1kVfD+mhuSUCuOZnLAIk89M=
-26,92,Ras7hkbFn39gQKZS53qSirJwv1g=,LcUX1kVfD+mhuSUCuOZnLAIk89M=
-24,91,Ras7hkbFn39gQKZS53qSirJwv1g=,LcUX1kVfD+mhuSUCuOZnLAIk89M=
-20,91,Ras7hkbFn39gQKZS53qSirJwv1g=,LcUX1kVfD+mhuSUCuOZnLAIk89M=
-26,83,Ras7hkbFn39gQKZS53qSirJwv1g=,LcUX1kVfD+mhuSUCuOZnLAIk89M=
-21,91,Ras7hkbFn39gQKZS53qSirJwv1g=,LcUX1kVfD+mhuSUCuOZnLAIk89M=
-26,91,Ras7hkbFn39gQKZS53qSirJwv1g=,LcUX1kVfD+mhuSUCuOZnLAIk89M=
-17,91,Ras7hkbFn39gQKZS53qSirJwv1g=,LcUX1kVfD+mhuSUCuOZnLAIk89M=
-19,91,Ras7hkbFn39gQKZS53qSirJwv1g=,LcUX1kVfD+mhuSUCuOZnLAIk89M=
-25,91,Ras7hkbFn39gQKZS53qSirJwv1g=,LcUX1kVfD+mhuSUCuOZnLAIk89M=
-27,91,Ras7hkbFn39gQKZS53qSirJwv1g=,LcUX1kVfD+mhuSUCuOZnLAIk89M=
-23,91,Ras7hkbFn39gQKZS53qSirJwv1g=,LcUX1kVfD+mhuSUCuOZnLAIk89M=
-21,81,Ras7hkbFn39gQKZS53qSirJwv1g=,LcUX1kVfD+mhuSUCuOZnLAIk89M=
-19,80,Ras7hkbFn39gQKZS53qSirJwv1g=,LcUX1kVfD+mhuSUCuOZnLAIk89M=
-19,90,Ras7hkbFn39gQKZS53qSirJwv1g=,LcUX1kVfD+mhuSUCuOZnLAIk89M=
-18,90,Ras7hkbFn39gQKZS53qSirJwv1g=,LcUX1kVfD+mhuSUCuOZnLAIk89M=
-20,90,Ras7hkbFn39gQKZS53qSirJwv1g=,LcUX1kVfD+mhuSUCuOZnLAIk89M=
-32,91,Ras7hkbFn39gQKZS53qSirJwv1g=,LcUX1kVfD+mhuSUCuOZnLAIk89M=
-23,84,Ras7hkbFn39gQKZS53qSirJwv1g=,LcUX1kVfD+mhuSUCuOZnLAIk89M=
-21,90,Ras7hkbFn39gQKZS53qSirJwv1g=,LcUX1kVfD+mhuSUCuOZnLAIk89M=
-31,91,Ras7hkbFn39gQKZS53qSirJwv1g=,LcUX1kVfD+mhuSUCuOZnLAIk89M=
-29,91,Ras7hkbFn39gQKZS53qSirJwv1g=,LcUX1kVfD+mhuSUCuOZnLAIk89M=
-26,90,Ras7hkbFn39gQKZS53qSirJwv1g=,LcUX1kVfD+mhuSUCuOZnLAIk89M=
-27,92,Ras7hkbFn39gQKZS53qSirJwv1g=,LcUX1kVfD+mhuSUCuOZnLAIk89M=
-30,91,Ras7hkbFn39gQKZS53qSirJwv1g=,LcUX1kVfD+mhuSUCuOZnLAIk89M=
-27,83,Ras7hkbFn39gQKZS53qSirJwv1g=,LcUX1kVfD+mhuSUCuOZnLAIk89M=
-22,81,Ras7hkbFn39gQKZS53qSirJwv1g=,LcUX1kVfD+mhuSUCuOZnLAIk89M=
-28,91,Ras7hkbFn39gQKZS53qSirJwv1g=,LcUX1kVfD+mhuSUCuOZnLAIk89M=
-22,90,Ras7hkbFn39gQKZS53qSirJwv1g=,LcUX1kVfD+mhuSUCuOZnLAIk89M=
-17,90,Ras7hkbFn39gQKZS53qSirJwv1g=,LcUX1kVfD+mhuSUCuOZnLAIk89M=
-31,90,Ras7hkbFn39gQKZS53qSirJwv1g=,LcUX1kVfD+mhuSUCuOZnLAIk89M=
-25,90,Ras7hkbFn39gQKZS53qSirJwv1g=,LcUX1kVfD+mhuSUCuOZnLAIk89M=
-32,90,Ras7hkbFn39gQKZS53qSirJwv1g=,LcUX1kVfD+mhuSUCuOZnLAIk89M=
-18,89,Ras7hkbFn39gQKZS53qSirJwv1g=,LcUX1kVfD+mhuSUCuOZnLAIk89M=
-27,90,Ras7hkbFn39gQKZS53qSirJwv1g=,LcUX1kVfD+mhuSUCuOZnLAIk89M=
-22,84,Ras7hkbFn39gQKZS53qSirJwv1g=,LcUX1kVfD+mhuSUCuOZnLAIk89M=
-20,89,Ras7hkbFn39gQKZS53qSirJwv1g=,LcUX1kVfD+mhuSUCuOZnLAIk89M=
-28,90,Ras7hkbFn39gQKZS53qSirJwv1g=,LcUX1kVfD+mhuSUCuOZnLAIk89M=
-19,89,Ras7hkbFn39gQKZS53qSirJwv1g=,LcUX1kVfD+mhuSUCuOZnLAIk89M=
-23,81,Ras7hkbFn39gQKZS53qSirJwv1g=,LcUX1kVfD+mhuSUCuOZnLAIk89M=
-24,90,Ras7hkbFn39gQKZS53qSirJwv1g=,LcUX1kVfD+mhuSUCuOZnLAIk89M=
-30,90,Ras7hkbFn39gQKZS53qSirJwv1g=,LcUX1kVfD+mhuSUCuOZnLAIk89M=
-17,89,Ras7hkbFn39gQKZS53qSirJwv1g=,LcUX1kVfD+mhuSUCuOZnLAIk89M=
-21,92,Ras7hkbFn39gQKZS53qSirJwv1g=,LcUX1kVfD+mhuSUCuOZnLAIk89M=
-21,89,Ras7hkbFn39gQKZS53qSirJwv1g=,LcUX1kVfD+mhuSUCuOZnLAIk89M=
-28,83,Ras7hkbFn39gQKZS53qSirJwv1g=,LcUX1kVfD+mhuSUCuOZnLAIk89M=
-22,89,Ras7hkbFn39gQKZS53qSirJwv1g=,LcUX1kVfD+mhuSUCuOZnLAIk89M=
-23,90,Ras7hkbFn39gQKZS53qSirJwv1g=,LcUX1kVfD+mhuSUCuOZnLAIk89M=
-20,80,Ras7hkbFn39gQKZS53qSirJwv1g=,LcUX1kVfD+mhuSUCuOZnLAIk89M=
-28,95,Ras7hkbFn39gQKZS53qSirJwv1g=,LcUX1kVfD+mhuSUCuOZnLAIk89M=
-29,89,Ras7hkbFn39gQKZS53qSirJwv1g=,LcUX1kVfD+mhuSUCuOZnLAIk89M=
-31,89,Ras7hkbFn39gQKZS53qSirJwv1g=,LcUX1kVfD+mhuSUCuOZnLAIk89M=
-24,81,Ras7hkbFn39gQKZS53qSirJwv1g=,LcUX1kVfD+mhuSUCuOZnLAIk89M=
-32,89,Ras7hkbFn39gQKZS53qSirJwv1g=,LcUX1kVfD+mhuSUCuOZnLAIk89M=
-29,90,Ras7hkbFn39gQKZS53qSirJwv1g=,LcUX1kVfD+mhuSUCuOZnLAIk89M=
-17,82,Ras7hkbFn39gQKZS53qSirJwv1g=,LcUX1kVfD+mhuSUCuOZnLAIk89M=
-30,89,Ras7hkbFn39gQKZS53qSirJwv1g=,LcUX1kVfD+mhuSUCuOZnLAIk89M=
-19,88,Ras7hkbFn39gQKZS53qSirJwv1g=,LcUX1kVfD+mhuSUCuOZnLAIk89M=
-27,89,Ras7hkbFn39gQKZS53qSirJwv1g=,LcUX1kVfD+mhuSUCuOZnLAIk89M=
-25,89,Ras7hkbFn39gQKZS53qSirJwv1g=,LcUX1kVfD+mhuSUCuOZnLAIk89M=
-20,88,Ras7hkbFn39gQKZS53qSirJwv1g=,LcUX1kVfD+mhuSUCuOZnLAIk89M=
-26,89,Ras7hkbFn39gQKZS53qSirJwv1g=,LcUX1kVfD+mhuSUCuOZnLAIk89M=
-24,89,Ras7hkbFn39gQKZS53qSirJwv1g=,LcUX1kVfD+mhuSUCuOZnLAIk89M=
-23,89,Ras7hkbFn39gQKZS53qSirJwv1g=,LcUX1kVfD+mhuSUCuOZnLAIk89M=
-29,83,Ras7hkbFn39gQKZS53qSirJwv1g=,LcUX1kVfD+mhuSUCuOZnLAIk89M=
-21,80,Ras7hkbFn39gQKZS53qSirJwv1g=,LcUX1kVfD+mhuSUCuOZnLAIk89M=
-17,88,Ras7hkbFn39gQKZS53qSirJwv1g=,LcUX1kVfD+mhuSUCuOZnLAIk89M=
-28,89,Ras7hkbFn39gQKZS53qSirJwv1g=,LcUX1kVfD+mhuSUCuOZnLAIk89M=
-29,88,Ras7hkbFn39gQKZS53qSirJwv1g=,LcUX1kVfD+mhuSUCuOZnLAIk89M=
-21,88,Ras7hkbFn39gQKZS53qSirJwv1g=,LcUX1kVfD+mhuSUCuOZnLAIk89M=
-30,88,Ras7hkbFn39gQKZS53qSirJwv1g=,LcUX1kVfD+mhuSUCuOZnLAIk89M=
-31,88,Ras7hkbFn39gQKZS53qSirJwv1g=,LcUX1kVfD+mhuSUCuOZnLAIk89M=
-32,88,Ras7hkbFn39gQKZS53qSirJwv1g=,LcUX1kVfD+mhuSUCuOZnLAIk89M=
-25,81,Ras7hkbFn39gQKZS53qSirJwv1g=,LcUX1kVfD+mhuSUCuOZnLAIk89M=
-22,80,Ras7hkbFn39gQKZS53qSirJwv1g=,LcUX1kVfD+mhuSUCuOZnLAIk89M=
-23,88,Ras7hkbFn39gQKZS53qSirJwv1g=,LcUX1kVfD+mhuSUCuOZnLAIk89M=
-18,88,Ras7hkbFn39gQKZS53qSirJwv1g=,LcUX1kVfD+mhuSUCuOZnLAIk89M=
-22,88,Ras7hkbFn39gQKZS53qSirJwv1g=,LcUX1kVfD+mhuSUCuOZnLAIk89M=
-19,87,Ras7hkbFn39gQKZS53qSirJwv1g=,LcUX1kVfD+mhuSUCuOZnLAIk89M=
-21,84,Ras7hkbFn39gQKZS53qSirJwv1g=,LcUX1kVfD+mhuSUCuOZnLAIk89M=
-26,80,Ras7hkbFn39gQKZS53qSirJwv1g=,LcUX1kVfD+mhuSUCuOZnLAIk89M=
-24,88,Ras7hkbFn39gQKZS53qSirJwv1g=,LcUX1kVfD+mhuSUCuOZnLAIk89M=
-28,88,Ras7hkbFn39gQKZS53qSirJwv1g=,LcUX1kVfD+mhuSUCuOZnLAIk89M=
-23,80,Ras7hkbFn39gQKZS53qSirJwv1g=,LcUX1kVfD+mhuSUCuOZnLAIk89M=
-27,88,Ras7hkbFn39gQKZS53qSirJwv1g=,LcUX1kVfD+mhuSUCuOZnLAIk89M=
-30,83,Ras7hkbFn39gQKZS53qSirJwv1g=,LcUX1kVfD+mhuSUCuOZnLAIk89M=
-20,87,Ras7hkbFn39gQKZS53qSirJwv1g=,LcUX1kVfD+mhuSUCuOZnLAIk89M=
-25,88,Ras7hkbFn39gQKZS53qSirJwv1g=,LcUX1kVfD+mhuSUCuOZnLAIk89M=
-18,87,Ras7hkbFn39gQKZS53qSirJwv1g=,LcUX1kVfD+mhuSUCuOZnLAIk89M=
-26,88,Ras7hkbFn39gQKZS53qSirJwv1g=,LcUX1kVfD+mhuSUCuOZnLAIk89M=
-30,87,Ras7hkbFn39gQKZS53qSirJwv1g=,LcUX1kVfD+mhuSUCuOZnLAIk89M=
-29,87,Ras7hkbFn39gQKZS53qSirJwv1g=,LcUX1kVfD+mhuSUCuOZnLAIk89M=
-31,87,Ras7hkbFn39gQKZS53qSirJwv1g=,LcUX1kVfD+mhuSUCuOZnLAIk89M=
-32,87,Ras7hkbFn39gQKZS53qSirJwv1g=,LcUX1kVfD+mhuSUCuOZnLAIk89M=
-26,81,Ras7hkbFn39gQKZS53qSirJwv1g=,LcUX1kVfD+mhuSUCuOZnLAIk89M=
-17,87,Ras7hkbFn39gQKZS53qSirJwv1g=,LcUX1kVfD+mhuSUCuOZnLAIk89M=
-21,87,Ras7hkbFn39gQKZS53qSirJwv1g=,LcUX1kVfD+mhuSUCuOZnLAIk89M=
-20,84,Ras7hkbFn39gQKZS53qSirJwv1g=,LcUX1kVfD+mhuSUCuOZnLAIk89M=
-22,87,Ras7hkbFn39gQKZS53qSirJwv1g=,LcUX1kVfD+mhuSUCuOZnLAIk89M=
-23,87,Ras7hkbFn39gQKZS53qSirJwv1g=,LcUX1kVfD+mhuSUCuOZnLAIk89M=
-24,87,Ras7hkbFn39gQKZS53qSirJwv1g=,LcUX1kVfD+mhuSUCuOZnLAIk89M=
-19,84,Ras7hkbFn39gQKZS53qSirJwv1g=,LcUX1kVfD+mhuSUCuOZnLAIk89M=
-19,86,Ras7hkbFn39gQKZS53qSirJwv1g=,LcUX1kVfD+mhuSUCuOZnLAIk89M=
-17,86,Ras7hkbFn39gQKZS53qSirJwv1g=,LcUX1kVfD+mhuSUCuOZnLAIk89M=
-24,80,Ras7hkbFn39gQKZS53qSirJwv1g=,LcUX1kVfD+mhuSUCuOZnLAIk89M=
-31,83,Ras7hkbFn39gQKZS53qSirJwv1g=,LcUX1kVfD+mhuSUCuOZnLAIk89M=
-18,86,Ras7hkbFn39gQKZS53qSirJwv1g=,LcUX1kVfD+mhuSUCuOZnLAIk89M=
-25,87,Ras7hkbFn39gQKZS53qSirJwv1g=,LcUX1kVfD+mhuSUCuOZnLAIk89M=
-27,87,Ras7hkbFn39gQKZS53qSirJwv1g=,LcUX1kVfD+mhuSUCuOZnLAIk89M=
-20,86,Ras7hkbFn39gQKZS53qSirJwv1g=,LcUX1kVfD+mhuSUCuOZnLAIk89M=
-26,87,Ras7hkbFn39gQKZS53qSirJwv1g=,LcUX1kVfD+mhuSUCuOZnLAIk89M=
-29,86,Ras7hkbFn39gQKZS53qSirJwv1g=,LcUX1kVfD+mhuSUCuOZnLAIk89M=
-31,86,Ras7hkbFn39gQKZS53qSirJwv1g=,LcUX1kVfD+mhuSUCuOZnLAIk89M=
-30,86,Ras7hkbFn39gQKZS53qSirJwv1g=,LcUX1kVfD+mhuSUCuOZnLAIk89M=
-32,86,Ras7hkbFn39gQKZS53qSirJwv1g=,LcUX1kVfD+mhuSUCuOZnLAIk89M=
-28,87,Ras7hkbFn39gQKZS53qSirJwv1g=,LcUX1kVfD+mhuSUCuOZnLAIk89M=
-18,84,Ras7hkbFn39gQKZS53qSirJwv1g=,LcUX1kVfD+mhuSUCuOZnLAIk89M=
-27,81,Ras7hkbFn39gQKZS53qSirJwv1g=,LcUX1kVfD+mhuSUCuOZnLAIk89M=
-22,86,Ras7hkbFn39gQKZS53qSirJwv1g=,LcUX1kVfD+mhuSUCuOZnLAIk89M=
-18,85,Ras7hkbFn39gQKZS53qSirJwv1g=,LcUX1kVfD+mhuSUCuOZnLAIk89M=
-19,85,Ras7hkbFn39gQKZS53qSirJwv1g=,LcUX1kVfD+mhuSUCuOZnLAIk89M=
-28,86,Ras7hkbFn39gQKZS53qSirJwv1g=,LcUX1kVfD+mhuSUCuOZnLAIk89M=
-25,80,Ras7hkbFn39gQKZS53qSirJwv1g=,LcUX1kVfD+mhuSUCuOZnLAIk89M=
-28,81,Ras7hkbFn39gQKZS53qSirJwv1g=,LcUX1kVfD+mhuSUCuOZnLAIk89M=
-21,86,Ras7hkbFn39gQKZS53qSirJwv1g=,LcUX1kVfD+mhuSUCuOZnLAIk89M=
-32,83,Ras7hkbFn39gQKZS53qSirJwv1g=,LcUX1kVfD+mhuSUCuOZnLAIk89M=
-24,86,Ras7hkbFn39gQKZS53qSirJwv1g=,LcUX1kVfD+mhuSUCuOZnLAIk89M=
-23,86,Ras7hkbFn39gQKZS53qSirJwv1g=,LcUX1kVfD+mhuSUCuOZnLAIk89M=
-17,85,Ras7hkbFn39gQKZS53qSirJwv1g=,LcUX1kVfD+mhuSUCuOZnLAIk89M=
-27,86,Ras7hkbFn39gQKZS53qSirJwv1g=,LcUX1kVfD+mhuSUCuOZnLAIk89M=
-29,81,Ras7hkbFn39gQKZS53qSirJwv1g=,LcUX1kVfD+mhuSUCuOZnLAIk89M=
-32,85,Ras7hkbFn39gQKZS53qSirJwv1g=,LcUX1kVfD+mhuSUCuOZnLAIk89M=
-31,85,Ras7hkbFn39gQKZS53qSirJwv1g=,LcUX1kVfD+mhuSUCuOZnLAIk89M=
-30,85,Ras7hkbFn39gQKZS53qSirJwv1g=,LcUX1kVfD+mhuSUCuOZnLAIk89M=
-29,85,Ras7hkbFn39gQKZS53qSirJwv1g=,LcUX1kVfD+mhuSUCuOZnLAIk89M=
-17,84,Ras7hkbFn39gQKZS53qSirJwv1g=,LcUX1kVfD+mhuSUCuOZnLAIk89M=
-28,85,Ras7hkbFn39gQKZS53qSirJwv1g=,LcUX1kVfD+mhuSUCuOZnLAIk89M=
-26,86,Ras7hkbFn39gQKZS53qSirJwv1g=,LcUX1kVfD+mhuSUCuOZnLAIk89M=
-21,85,Ras7hkbFn39gQKZS53qSirJwv1g=,LcUX1kVfD+mhuSUCuOZnLAIk89M=
-25,86,Ras7hkbFn39gQKZS53qSirJwv1g=,LcUX1kVfD+mhuSUCuOZnLAIk89M=
-20,85,Ras7hkbFn39gQKZS53qSirJwv1g=,LcUX1kVfD+mhuSUCuOZnLAIk89M=
-27,85,Ras7hkbFn39gQKZS53qSirJwv1g=,LcUX1kVfD+mhuSUCuOZnLAIk89M=
-22,85,Ras7hkbFn39gQKZS53qSirJwv1g=,LcUX1kVfD+mhuSUCuOZnLAIk89M=
-26,85,Ras7hkbFn39gQKZS53qSirJwv1g=,LcUX1kVfD+mhuSUCuOZnLAIk89M=
-23,85,Ras7hkbFn39gQKZS53qSirJwv1g=,LcUX1kVfD+mhuSUCuOZnLAIk89M=
-24,85,Ras7hkbFn39gQKZS53qSirJwv1g=,LcUX1kVfD+mhuSUCuOZnLAIk89M=
-25,85,Ras7hkbFn39gQKZS53qSirJwv1g=,LcUX1kVfD+mhuSUCuOZnLAIk89M=
-2,82,nubVw1AyFpRXZ8zRmLdcO3aLDlQ=,bX7dtxxB63PuYbYyd00FOhYzD64=
-3,82,nubVw1AyFpRXZ8zRmLdcO3aLDlQ=,bX7dtxxB63PuYbYyd00FOhYzD64=
-13,80,nubVw1AyFpRXZ8zRmLdcO3aLDlQ=,bX7dtxxB63PuYbYyd00FOhYzD64=
-6,95,nubVw1AyFpRXZ8zRmLdcO3aLDlQ=,bX7dtxxB63PuYbYyd00FOhYzD64=
-7,95,nubVw1AyFpRXZ8zRmLdcO3aLDlQ=,bX7dtxxB63PuYbYyd00FOhYzD64=
-1,95,nubVw1AyFpRXZ8zRmLdcO3aLDlQ=,bX7dtxxB63PuYbYyd00FOhYzD64=
-2,95,nubVw1AyFpRXZ8zRmLdcO3aLDlQ=,bX7dtxxB63PuYbYyd00FOhYzD64=
-9,95,nubVw1AyFpRXZ8zRmLdcO3aLDlQ=,bX7dtxxB63PuYbYyd00FOhYzD64=
-4,95,nubVw1AyFpRXZ8zRmLdcO3aLDlQ=,bX7dtxxB63PuYbYyd00FOhYzD64=
-1,81,nubVw1AyFpRXZ8zRmLdcO3aLDlQ=,bX7dtxxB63PuYbYyd00FOhYzD64=
-8,95,nubVw1AyFpRXZ8zRmLdcO3aLDlQ=,bX7dtxxB63PuYbYyd00FOhYzD64=
-5,95,nubVw1AyFpRXZ8zRmLdcO3aLDlQ=,bX7dtxxB63PuYbYyd00FOhYzD64=
-3,81,nubVw1AyFpRXZ8zRmLdcO3aLDlQ=,bX7dtxxB63PuYbYyd00FOhYzD64=
-2,81,nubVw1AyFpRXZ8zRmLdcO3aLDlQ=,bX7dtxxB63PuYbYyd00FOhYzD64=
-3,95,nubVw1AyFpRXZ8zRmLdcO3aLDlQ=,bX7dtxxB63PuYbYyd00FOhYzD64=
-12,95,nubVw1AyFpRXZ8zRmLdcO3aLDlQ=,bX7dtxxB63PuYbYyd00FOhYzD64=
-10,95,nubVw1AyFpRXZ8zRmLdcO3aLDlQ=,bX7dtxxB63PuYbYyd00FOhYzD64=
-4,81,nubVw1AyFpRXZ8zRmLdcO3aLDlQ=,bX7dtxxB63PuYbYyd00FOhYzD64=
-11,95,nubVw1AyFpRXZ8zRmLdcO3aLDlQ=,bX7dtxxB63PuYbYyd00FOhYzD64=
-15,81,nubVw1AyFpRXZ8zRmLdcO3aLDlQ=,bX7dtxxB63PuYbYyd00FOhYzD64=
-14,95,nubVw1AyFpRXZ8zRmLdcO3aLDlQ=,bX7dtxxB63PuYbYyd00FOhYzD64=
-5,81,nubVw1AyFpRXZ8zRmLdcO3aLDlQ=,bX7dtxxB63PuYbYyd00FOhYzD64=
-1,94,nubVw1AyFpRXZ8zRmLdcO3aLDlQ=,bX7dtxxB63PuYbYyd00FOhYzD64=
-10,81,nubVw1AyFpRXZ8zRmLdcO3aLDlQ=,bX7dtxxB63PuYbYyd00FOhYzD64=
-6,81,nubVw1AyFpRXZ8zRmLdcO3aLDlQ=,bX7dtxxB63PuYbYyd00FOhYzD64=
-12,81,nubVw1AyFpRXZ8zRmLdcO3aLDlQ=,bX7dtxxB63PuYbYyd00FOhYzD64=
-13,95,nubVw1AyFpRXZ8zRmLdcO3aLDlQ=,bX7dtxxB63PuYbYyd00FOhYzD64=
-9,81,nubVw1AyFpRXZ8zRmLdcO3aLDlQ=,bX7dtxxB63PuYbYyd00FOhYzD64=
-16,95,nubVw1AyFpRXZ8zRmLdcO3aLDlQ=,bX7dtxxB63PuYbYyd00FOhYzD64=
-4,82,nubVw1AyFpRXZ8zRmLdcO3aLDlQ=,bX7dtxxB63PuYbYyd00FOhYzD64=
-15,95,nubVw1AyFpRXZ8zRmLdcO3aLDlQ=,bX7dtxxB63PuYbYyd00FOhYzD64=
-11,81,nubVw1AyFpRXZ8zRmLdcO3aLDlQ=,bX7dtxxB63PuYbYyd00FOhYzD64=
-8,81,nubVw1AyFpRXZ8zRmLdcO3aLDlQ=,bX7dtxxB63PuYbYyd00FOhYzD64=
-13,81,nubVw1AyFpRXZ8zRmLdcO3aLDlQ=,bX7dtxxB63PuYbYyd00FOhYzD64=
-14,81,nubVw1AyFpRXZ8zRmLdcO3aLDlQ=,bX7dtxxB63PuYbYyd00FOhYzD64=
-8,94,nubVw1AyFpRXZ8zRmLdcO3aLDlQ=,bX7dtxxB63PuYbYyd00FOhYzD64=
-7,81,nubVw1AyFpRXZ8zRmLdcO3aLDlQ=,bX7dtxxB63PuYbYyd00FOhYzD64=
-14,80,nubVw1AyFpRXZ8zRmLdcO3aLDlQ=,bX7dtxxB63PuYbYyd00FOhYzD64=
-9,94,nubVw1AyFpRXZ8zRmLdcO3aLDlQ=,bX7dtxxB63PuYbYyd00FOhYzD64=
-7,94,nubVw1AyFpRXZ8zRmLdcO3aLDlQ=,bX7dtxxB63PuYbYyd00FOhYzD64=
-6,94,nubVw1AyFpRXZ8zRmLdcO3aLDlQ=,bX7dtxxB63PuYbYyd00FOhYzD64=
-10,94,nubVw1AyFpRXZ8zRmLdcO3aLDlQ=,bX7dtxxB63PuYbYyd00FOhYzD64=
-12,94,nubVw1AyFpRXZ8zRmLdcO3aLDlQ=,bX7dtxxB63PuYbYyd00FOhYzD64=
-3,94,nubVw1AyFpRXZ8zRmLdcO3aLDlQ=,bX7dtxxB63PuYbYyd00FOhYzD64=
-2,94,nubVw1AyFpRXZ8zRmLdcO3aLDlQ=,bX7dtxxB63PuYbYyd00FOhYzD64=
-11,94,nubVw1AyFpRXZ8zRmLdcO3aLDlQ=,bX7dtxxB63PuYbYyd00FOhYzD64=
-5,94,nubVw1AyFpRXZ8zRmLdcO3aLDlQ=,bX7dtxxB63PuYbYyd00FOhYzD64=
-5,82,nubVw1AyFpRXZ8zRmLdcO3aLDlQ=,bX7dtxxB63PuYbYyd00FOhYzD64=
-15,94,nubVw1AyFpRXZ8zRmLdcO3aLDlQ=,bX7dtxxB63PuYbYyd00FOhYzD64=
-1,80,nubVw1AyFpRXZ8zRmLdcO3aLDlQ=,bX7dtxxB63PuYbYyd00FOhYzD64=
-4,94,nubVw1AyFpRXZ8zRmLdcO3aLDlQ=,bX7dtxxB63PuYbYyd00FOhYzD64=
-14,94,nubVw1AyFpRXZ8zRmLdcO3aLDlQ=,bX7dtxxB63PuYbYyd00FOhYzD64=
-1,93,nubVw1AyFpRXZ8zRmLdcO3aLDlQ=,bX7dtxxB63PuYbYyd00FOhYzD64=
-7,93,nubVw1AyFpRXZ8zRmLdcO3aLDlQ=,bX7dtxxB63PuYbYyd00FOhYzD64=
-16,94,nubVw1AyFpRXZ8zRmLdcO3aLDlQ=,bX7dtxxB63PuYbYyd00FOhYzD64=
-16,81,nubVw1AyFpRXZ8zRmLdcO3aLDlQ=,bX7dtxxB63PuYbYyd00FOhYzD64=
-13,94,nubVw1AyFpRXZ8zRmLdcO3aLDlQ=,bX7dtxxB63PuYbYyd00FOhYzD64=
-6,93,nubVw1AyFpRXZ8zRmLdcO3aLDlQ=,bX7dtxxB63PuYbYyd00FOhYzD64=
-9,93,nubVw1AyFpRXZ8zRmLdcO3aLDlQ=,bX7dtxxB63PuYbYyd00FOhYzD64=
-8,93,nubVw1AyFpRXZ8zRmLdcO3aLDlQ=,bX7dtxxB63PuYbYyd00FOhYzD64=
-2,93,nubVw1AyFpRXZ8zRmLdcO3aLDlQ=,bX7dtxxB63PuYbYyd00FOhYzD64=
-3,93,nubVw1AyFpRXZ8zRmLdcO3aLDlQ=,bX7dtxxB63PuYbYyd00FOhYzD64=
-1,92,nubVw1AyFpRXZ8zRmLdcO3aLDlQ=,bX7dtxxB63PuYbYyd00FOhYzD64=
-10,93,nubVw1AyFpRXZ8zRmLdcO3aLDlQ=,bX7dtxxB63PuYbYyd00FOhYzD64=
-12,93,nubVw1AyFpRXZ8zRmLdcO3aLDlQ=,bX7dtxxB63PuYbYyd00FOhYzD64=
-2,80,nubVw1AyFpRXZ8zRmLdcO3aLDlQ=,bX7dtxxB63PuYbYyd00FOhYzD64=
-15,93,nubVw1AyFpRXZ8zRmLdcO3aLDlQ=,bX7dtxxB63PuYbYyd00FOhYzD64=
-11,93,nubVw1AyFpRXZ8zRmLdcO3aLDlQ=,bX7dtxxB63PuYbYyd00FOhYzD64=
-13,93,nubVw1AyFpRXZ8zRmLdcO3aLDlQ=,bX7dtxxB63PuYbYyd00FOhYzD64=
-4,93,nubVw1AyFpRXZ8zRmLdcO3aLDlQ=,bX7dtxxB63PuYbYyd00FOhYzD64=
-14,93,nubVw1AyFpRXZ8zRmLdcO3aLDlQ=,bX7dtxxB63PuYbYyd00FOhYzD64=
-2,92,nubVw1AyFpRXZ8zRmLdcO3aLDlQ=,bX7dtxxB63PuYbYyd00FOhYzD64=
-7,92,nubVw1AyFpRXZ8zRmLdcO3aLDlQ=,bX7dtxxB63PuYbYyd00FOhYzD64=
-16,93,nubVw1AyFpRXZ8zRmLdcO3aLDlQ=,bX7dtxxB63PuYbYyd00FOhYzD64=
-6,82,nubVw1AyFpRXZ8zRmLdcO3aLDlQ=,bX7dtxxB63PuYbYyd00FOhYzD64=
-8,92,nubVw1AyFpRXZ8zRmLdcO3aLDlQ=,bX7dtxxB63PuYbYyd00FOhYzD64=
-5,92,nubVw1AyFpRXZ8zRmLdcO3aLDlQ=,bX7dtxxB63PuYbYyd00FOhYzD64=
-6,92,nubVw1AyFpRXZ8zRmLdcO3aLDlQ=,bX7dtxxB63PuYbYyd00FOhYzD64=
-15,80,nubVw1AyFpRXZ8zRmLdcO3aLDlQ=,bX7dtxxB63PuYbYyd00FOhYzD64=
-5,93,nubVw1AyFpRXZ8zRmLdcO3aLDlQ=,bX7dtxxB63PuYbYyd00FOhYzD64=
-13,92,nubVw1AyFpRXZ8zRmLdcO3aLDlQ=,bX7dtxxB63PuYbYyd00FOhYzD64=
-1,91,nubVw1AyFpRXZ8zRmLdcO3aLDlQ=,bX7dtxxB63PuYbYyd00FOhYzD64=
-9,92,nubVw1AyFpRXZ8zRmLdcO3aLDlQ=,bX7dtxxB63PuYbYyd00FOhYzD64=
-4,92,nubVw1AyFpRXZ8zRmLdcO3aLDlQ=,bX7dtxxB63PuYbYyd00FOhYzD64=
-11,92,nubVw1AyFpRXZ8zRmLdcO3aLDlQ=,bX7dtxxB63PuYbYyd00FOhYzD64=
-3,80,nubVw1AyFpRXZ8zRmLdcO3aLDlQ=,bX7dtxxB63PuYbYyd00FOhYzD64=
-2,91,nubVw1AyFpRXZ8zRmLdcO3aLDlQ=,bX7dtxxB63PuYbYyd00FOhYzD64=
-16,92,nubVw1AyFpRXZ8zRmLdcO3aLDlQ=,bX7dtxxB63PuYbYyd00FOhYzD64=
-10,92,nubVw1AyFpRXZ8zRmLdcO3aLDlQ=,bX7dtxxB63PuYbYyd00FOhYzD64=
-3,92,nubVw1AyFpRXZ8zRmLdcO3aLDlQ=,bX7dtxxB63PuYbYyd00FOhYzD64=
-12,92,nubVw1AyFpRXZ8zRmLdcO3aLDlQ=,bX7dtxxB63PuYbYyd00FOhYzD64=
-15,92,nubVw1AyFpRXZ8zRmLdcO3aLDlQ=,bX7dtxxB63PuYbYyd00FOhYzD64=
-6,91,nubVw1AyFpRXZ8zRmLdcO3aLDlQ=,bX7dtxxB63PuYbYyd00FOhYzD64=
-3,91,nubVw1AyFpRXZ8zRmLdcO3aLDlQ=,bX7dtxxB63PuYbYyd00FOhYzD64=
-14,92,nubVw1AyFpRXZ8zRmLdcO3aLDlQ=,bX7dtxxB63PuYbYyd00FOhYzD64=
-7,82,nubVw1AyFpRXZ8zRmLdcO3aLDlQ=,bX7dtxxB63PuYbYyd00FOhYzD64=
-4,91,nubVw1AyFpRXZ8zRmLdcO3aLDlQ=,bX7dtxxB63PuYbYyd00FOhYzD64=
-5,91,nubVw1AyFpRXZ8zRmLdcO3aLDlQ=,bX7dtxxB63PuYbYyd00FOhYzD64=
-8,91,nubVw1AyFpRXZ8zRmLdcO3aLDlQ=,bX7dtxxB63PuYbYyd00FOhYzD64=
-10,91,nubVw1AyFpRXZ8zRmLdcO3aLDlQ=,bX7dtxxB63PuYbYyd00FOhYzD64=
-12,91,nubVw1AyFpRXZ8zRmLdcO3aLDlQ=,bX7dtxxB63PuYbYyd00FOhYzD64=
-2,90,nubVw1AyFpRXZ8zRmLdcO3aLDlQ=,bX7dtxxB63PuYbYyd00FOhYzD64=
-13,91,nubVw1AyFpRXZ8zRmLdcO3aLDlQ=,bX7dtxxB63PuYbYyd00FOhYzD64=
-9,91,nubVw1AyFpRXZ8zRmLdcO3aLDlQ=,bX7dtxxB63PuYbYyd00FOhYzD64=
-7,91,nubVw1AyFpRXZ8zRmLdcO3aLDlQ=,bX7dtxxB63PuYbYyd00FOhYzD64=
-16,91,nubVw1AyFpRXZ8zRmLdcO3aLDlQ=,bX7dtxxB63PuYbYyd00FOhYzD64=
-8,82,nubVw1AyFpRXZ8zRmLdcO3aLDlQ=,bX7dtxxB63PuYbYyd00FOhYzD64=
-15,91,nubVw1AyFpRXZ8zRmLdcO3aLDlQ=,bX7dtxxB63PuYbYyd00FOhYzD64=
-4,80,nubVw1AyFpRXZ8zRmLdcO3aLDlQ=,bX7dtxxB63PuYbYyd00FOhYzD64=
-14,91,nubVw1AyFpRXZ8zRmLdcO3aLDlQ=,bX7dtxxB63PuYbYyd00FOhYzD64=
-1,90,nubVw1AyFpRXZ8zRmLdcO3aLDlQ=,bX7dtxxB63PuYbYyd00FOhYzD64=
-10,90,nubVw1AyFpRXZ8zRmLdcO3aLDlQ=,bX7dtxxB63PuYbYyd00FOhYzD64=
-3,90,nubVw1AyFpRXZ8zRmLdcO3aLDlQ=,bX7dtxxB63PuYbYyd00FOhYzD64=
-5,90,nubVw1AyFpRXZ8zRmLdcO3aLDlQ=,bX7dtxxB63PuYbYyd00FOhYzD64=
-9,90,nubVw1AyFpRXZ8zRmLdcO3aLDlQ=,bX7dtxxB63PuYbYyd00FOhYzD64=
-13,90,nubVw1AyFpRXZ8zRmLdcO3aLDlQ=,bX7dtxxB63PuYbYyd00FOhYzD64=
-11,91,nubVw1AyFpRXZ8zRmLdcO3aLDlQ=,bX7dtxxB63PuYbYyd00FOhYzD64=
-11,90,nubVw1AyFpRXZ8zRmLdcO3aLDlQ=,bX7dtxxB63PuYbYyd00FOhYzD64=
-8,90,nubVw1AyFpRXZ8zRmLdcO3aLDlQ=,bX7dtxxB63PuYbYyd00FOhYzD64=
-4,90,nubVw1AyFpRXZ8zRmLdcO3aLDlQ=,bX7dtxxB63PuYbYyd00FOhYzD64=
-6,90,nubVw1AyFpRXZ8zRmLdcO3aLDlQ=,bX7dtxxB63PuYbYyd00FOhYzD64=
-7,90,nubVw1AyFpRXZ8zRmLdcO3aLDlQ=,bX7dtxxB63PuYbYyd00FOhYzD64=
-5,80,nubVw1AyFpRXZ8zRmLdcO3aLDlQ=,bX7dtxxB63PuYbYyd00FOhYzD64=
-14,90,nubVw1AyFpRXZ8zRmLdcO3aLDlQ=,bX7dtxxB63PuYbYyd00FOhYzD64=
-2,89,nubVw1AyFpRXZ8zRmLdcO3aLDlQ=,bX7dtxxB63PuYbYyd00FOhYzD64=
-8,89,nubVw1AyFpRXZ8zRmLdcO3aLDlQ=,bX7dtxxB63PuYbYyd00FOhYzD64=
-9,89,nubVw1AyFpRXZ8zRmLdcO3aLDlQ=,bX7dtxxB63PuYbYyd00FOhYzD64=
-7,89,nubVw1AyFpRXZ8zRmLdcO3aLDlQ=,bX7dtxxB63PuYbYyd00FOhYzD64=
-16,90,nubVw1AyFpRXZ8zRmLdcO3aLDlQ=,bX7dtxxB63PuYbYyd00FOhYzD64=
-12,90,nubVw1AyFpRXZ8zRmLdcO3aLDlQ=,bX7dtxxB63PuYbYyd00FOhYzD64=
-9,82,nubVw1AyFpRXZ8zRmLdcO3aLDlQ=,bX7dtxxB63PuYbYyd00FOhYzD64=
-15,90,nubVw1AyFpRXZ8zRmLdcO3aLDlQ=,bX7dtxxB63PuYbYyd00FOhYzD64=
-12,89,nubVw1AyFpRXZ8zRmLdcO3aLDlQ=,bX7dtxxB63PuYbYyd00FOhYzD64=
-13,89,nubVw1AyFpRXZ8zRmLdcO3aLDlQ=,bX7dtxxB63PuYbYyd00FOhYzD64=
-10,89,nubVw1AyFpRXZ8zRmLdcO3aLDlQ=,bX7dtxxB63PuYbYyd00FOhYzD64=
-11,89,nubVw1AyFpRXZ8zRmLdcO3aLDlQ=,bX7dtxxB63PuYbYyd00FOhYzD64=
-5,89,nubVw1AyFpRXZ8zRmLdcO3aLDlQ=,bX7dtxxB63PuYbYyd00FOhYzD64=
-3,89,nubVw1AyFpRXZ8zRmLdcO3aLDlQ=,bX7dtxxB63PuYbYyd00FOhYzD64=
-14,89,nubVw1AyFpRXZ8zRmLdcO3aLDlQ=,bX7dtxxB63PuYbYyd00FOhYzD64=
-7,88,nubVw1AyFpRXZ8zRmLdcO3aLDlQ=,bX7dtxxB63PuYbYyd00FOhYzD64=
-4,89,nubVw1AyFpRXZ8zRmLdcO3aLDlQ=,bX7dtxxB63PuYbYyd00FOhYzD64=
-8,88,nubVw1AyFpRXZ8zRmLdcO3aLDlQ=,bX7dtxxB63PuYbYyd00FOhYzD64=
-1,89,nubVw1AyFpRXZ8zRmLdcO3aLDlQ=,bX7dtxxB63PuYbYyd00FOhYzD64=
-6,89,nubVw1AyFpRXZ8zRmLdcO3aLDlQ=,bX7dtxxB63PuYbYyd00FOhYzD64=
-6,88,nubVw1AyFpRXZ8zRmLdcO3aLDlQ=,bX7dtxxB63PuYbYyd00FOhYzD64=
-15,89,nubVw1AyFpRXZ8zRmLdcO3aLDlQ=,bX7dtxxB63PuYbYyd00FOhYzD64=
-16,89,nubVw1AyFpRXZ8zRmLdcO3aLDlQ=,bX7dtxxB63PuYbYyd00FOhYzD64=
-12,88,nubVw1AyFpRXZ8zRmLdcO3aLDlQ=,bX7dtxxB63PuYbYyd00FOhYzD64=
-14,88,nubVw1AyFpRXZ8zRmLdcO3aLDlQ=,bX7dtxxB63PuYbYyd00FOhYzD64=
-6,80,nubVw1AyFpRXZ8zRmLdcO3aLDlQ=,bX7dtxxB63PuYbYyd00FOhYzD64=
-9,88,nubVw1AyFpRXZ8zRmLdcO3aLDlQ=,bX7dtxxB63PuYbYyd00FOhYzD64=
-10,88,nubVw1AyFpRXZ8zRmLdcO3aLDlQ=,bX7dtxxB63PuYbYyd00FOhYzD64=
-11,88,nubVw1AyFpRXZ8zRmLdcO3aLDlQ=,bX7dtxxB63PuYbYyd00FOhYzD64=
-5,88,nubVw1AyFpRXZ8zRmLdcO3aLDlQ=,bX7dtxxB63PuYbYyd00FOhYzD64=
-13,88,nubVw1AyFpRXZ8zRmLdcO3aLDlQ=,bX7dtxxB63PuYbYyd00FOhYzD64=
-1,88,nubVw1AyFpRXZ8zRmLdcO3aLDlQ=,bX7dtxxB63PuYbYyd00FOhYzD64=
-6,87,nubVw1AyFpRXZ8zRmLdcO3aLDlQ=,bX7dtxxB63PuYbYyd00FOhYzD64=
-2,88,nubVw1AyFpRXZ8zRmLdcO3aLDlQ=,bX7dtxxB63PuYbYyd00FOhYzD64=
-10,82,nubVw1AyFpRXZ8zRmLdcO3aLDlQ=,bX7dtxxB63PuYbYyd00FOhYzD64=
-8,87,nubVw1AyFpRXZ8zRmLdcO3aLDlQ=,bX7dtxxB63PuYbYyd00FOhYzD64=
-7,87,nubVw1AyFpRXZ8zRmLdcO3aLDlQ=,bX7dtxxB63PuYbYyd00FOhYzD64=
-15,88,nubVw1AyFpRXZ8zRmLdcO3aLDlQ=,bX7dtxxB63PuYbYyd00FOhYzD64=
-11,82,nubVw1AyFpRXZ8zRmLdcO3aLDlQ=,bX7dtxxB63PuYbYyd00FOhYzD64=
-5,87,nubVw1AyFpRXZ8zRmLdcO3aLDlQ=,bX7dtxxB63PuYbYyd00FOhYzD64=
-4,88,nubVw1AyFpRXZ8zRmLdcO3aLDlQ=,bX7dtxxB63PuYbYyd00FOhYzD64=
-3,88,nubVw1AyFpRXZ8zRmLdcO3aLDlQ=,bX7dtxxB63PuYbYyd00FOhYzD64=
-16,88,nubVw1AyFpRXZ8zRmLdcO3aLDlQ=,bX7dtxxB63PuYbYyd00FOhYzD64=
-9,87,nubVw1AyFpRXZ8zRmLdcO3aLDlQ=,bX7dtxxB63PuYbYyd00FOhYzD64=
-4,87,nubVw1AyFpRXZ8zRmLdcO3aLDlQ=,bX7dtxxB63PuYbYyd00FOhYzD64=
-13,87,nubVw1AyFpRXZ8zRmLdcO3aLDlQ=,bX7dtxxB63PuYbYyd00FOhYzD64=
-14,87,nubVw1AyFpRXZ8zRmLdcO3aLDlQ=,bX7dtxxB63PuYbYyd00FOhYzD64=
-15,87,nubVw1AyFpRXZ8zRmLdcO3aLDlQ=,bX7dtxxB63PuYbYyd00FOhYzD64=
-1,87,nubVw1AyFpRXZ8zRmLdcO3aLDlQ=,bX7dtxxB63PuYbYyd00FOhYzD64=
-2,87,nubVw1AyFpRXZ8zRmLdcO3aLDlQ=,bX7dtxxB63PuYbYyd00FOhYzD64=
-5,86,nubVw1AyFpRXZ8zRmLdcO3aLDlQ=,bX7dtxxB63PuYbYyd00FOhYzD64=
-8,86,nubVw1AyFpRXZ8zRmLdcO3aLDlQ=,bX7dtxxB63PuYbYyd00FOhYzD64=
-10,87,nubVw1AyFpRXZ8zRmLdcO3aLDlQ=,bX7dtxxB63PuYbYyd00FOhYzD64=
-6,86,nubVw1AyFpRXZ8zRmLdcO3aLDlQ=,bX7dtxxB63PuYbYyd00FOhYzD64=
-7,86,nubVw1AyFpRXZ8zRmLdcO3aLDlQ=,bX7dtxxB63PuYbYyd00FOhYzD64=
-10,86,nubVw1AyFpRXZ8zRmLdcO3aLDlQ=,bX7dtxxB63PuYbYyd00FOhYzD64=
-7,80,nubVw1AyFpRXZ8zRmLdcO3aLDlQ=,bX7dtxxB63PuYbYyd00FOhYzD64=
-12,82,nubVw1AyFpRXZ8zRmLdcO3aLDlQ=,bX7dtxxB63PuYbYyd00FOhYzD64=
-11,87,nubVw1AyFpRXZ8zRmLdcO3aLDlQ=,bX7dtxxB63PuYbYyd00FOhYzD64=
-9,86,nubVw1AyFpRXZ8zRmLdcO3aLDlQ=,bX7dtxxB63PuYbYyd00FOhYzD64=
-13,86,nubVw1AyFpRXZ8zRmLdcO3aLDlQ=,bX7dtxxB63PuYbYyd00FOhYzD64=
-14,86,nubVw1AyFpRXZ8zRmLdcO3aLDlQ=,bX7dtxxB63PuYbYyd00FOhYzD64=
-12,86,nubVw1AyFpRXZ8zRmLdcO3aLDlQ=,bX7dtxxB63PuYbYyd00FOhYzD64=
-3,87,nubVw1AyFpRXZ8zRmLdcO3aLDlQ=,bX7dtxxB63PuYbYyd00FOhYzD64=
-4,86,nubVw1AyFpRXZ8zRmLdcO3aLDlQ=,bX7dtxxB63PuYbYyd00FOhYzD64=
-16,87,nubVw1AyFpRXZ8zRmLdcO3aLDlQ=,bX7dtxxB63PuYbYyd00FOhYzD64=
-11,86,nubVw1AyFpRXZ8zRmLdcO3aLDlQ=,bX7dtxxB63PuYbYyd00FOhYzD64=
-4,85,nubVw1AyFpRXZ8zRmLdcO3aLDlQ=,bX7dtxxB63PuYbYyd00FOhYzD64=
-5,85,nubVw1AyFpRXZ8zRmLdcO3aLDlQ=,bX7dtxxB63PuYbYyd00FOhYzD64=
-6,85,nubVw1AyFpRXZ8zRmLdcO3aLDlQ=,bX7dtxxB63PuYbYyd00FOhYzD64=
-7,85,nubVw1AyFpRXZ8zRmLdcO3aLDlQ=,bX7dtxxB63PuYbYyd00FOhYzD64=
-8,85,nubVw1AyFpRXZ8zRmLdcO3aLDlQ=,bX7dtxxB63PuYbYyd00FOhYzD64=
-2,85,nubVw1AyFpRXZ8zRmLdcO3aLDlQ=,bX7dtxxB63PuYbYyd00FOhYzD64=
-12,87,nubVw1AyFpRXZ8zRmLdcO3aLDlQ=,bX7dtxxB63PuYbYyd00FOhYzD64=
-8,80,nubVw1AyFpRXZ8zRmLdcO3aLDlQ=,bX7dtxxB63PuYbYyd00FOhYzD64=
-15,86,nubVw1AyFpRXZ8zRmLdcO3aLDlQ=,bX7dtxxB63PuYbYyd00FOhYzD64=
-16,86,nubVw1AyFpRXZ8zRmLdcO3aLDlQ=,bX7dtxxB63PuYbYyd00FOhYzD64=
-10,85,nubVw1AyFpRXZ8zRmLdcO3aLDlQ=,bX7dtxxB63PuYbYyd00FOhYzD64=
-1,85,nubVw1AyFpRXZ8zRmLdcO3aLDlQ=,bX7dtxxB63PuYbYyd00FOhYzD64=
-3,86,nubVw1AyFpRXZ8zRmLdcO3aLDlQ=,bX7dtxxB63PuYbYyd00FOhYzD64=
-9,85,nubVw1AyFpRXZ8zRmLdcO3aLDlQ=,bX7dtxxB63PuYbYyd00FOhYzD64=
-13,82,nubVw1AyFpRXZ8zRmLdcO3aLDlQ=,bX7dtxxB63PuYbYyd00FOhYzD64=
-10,80,nubVw1AyFpRXZ8zRmLdcO3aLDlQ=,bX7dtxxB63PuYbYyd00FOhYzD64=
-2,84,nubVw1AyFpRXZ8zRmLdcO3aLDlQ=,bX7dtxxB63PuYbYyd00FOhYzD64=
-9,80,nubVw1AyFpRXZ8zRmLdcO3aLDlQ=,bX7dtxxB63PuYbYyd00FOhYzD64=
-12,85,nubVw1AyFpRXZ8zRmLdcO3aLDlQ=,bX7dtxxB63PuYbYyd00FOhYzD64=
-4,84,nubVw1AyFpRXZ8zRmLdcO3aLDlQ=,bX7dtxxB63PuYbYyd00FOhYzD64=
-5,84,nubVw1AyFpRXZ8zRmLdcO3aLDlQ=,bX7dtxxB63PuYbYyd00FOhYzD64=
-7,84,nubVw1AyFpRXZ8zRmLdcO3aLDlQ=,bX7dtxxB63PuYbYyd00FOhYzD64=
-6,84,nubVw1AyFpRXZ8zRmLdcO3aLDlQ=,bX7dtxxB63PuYbYyd00FOhYzD64=
-1,86,nubVw1AyFpRXZ8zRmLdcO3aLDlQ=,bX7dtxxB63PuYbYyd00FOhYzD64=
-3,85,nubVw1AyFpRXZ8zRmLdcO3aLDlQ=,bX7dtxxB63PuYbYyd00FOhYzD64=
-8,84,nubVw1AyFpRXZ8zRmLdcO3aLDlQ=,bX7dtxxB63PuYbYyd00FOhYzD64=
-15,85,nubVw1AyFpRXZ8zRmLdcO3aLDlQ=,bX7dtxxB63PuYbYyd00FOhYzD64=
-14,85,nubVw1AyFpRXZ8zRmLdcO3aLDlQ=,bX7dtxxB63PuYbYyd00FOhYzD64=
-11,85,nubVw1AyFpRXZ8zRmLdcO3aLDlQ=,bX7dtxxB63PuYbYyd00FOhYzD64=
-3,84,nubVw1AyFpRXZ8zRmLdcO3aLDlQ=,bX7dtxxB63PuYbYyd00FOhYzD64=
-2,86,nubVw1AyFpRXZ8zRmLdcO3aLDlQ=,bX7dtxxB63PuYbYyd00FOhYzD64=
-1,84,nubVw1AyFpRXZ8zRmLdcO3aLDlQ=,bX7dtxxB63PuYbYyd00FOhYzD64=
-11,80,nubVw1AyFpRXZ8zRmLdcO3aLDlQ=,bX7dtxxB63PuYbYyd00FOhYzD64=
-9,84,nubVw1AyFpRXZ8zRmLdcO3aLDlQ=,bX7dtxxB63PuYbYyd00FOhYzD64=
-12,84,nubVw1AyFpRXZ8zRmLdcO3aLDlQ=,bX7dtxxB63PuYbYyd00FOhYzD64=
-1,83,nubVw1AyFpRXZ8zRmLdcO3aLDlQ=,bX7dtxxB63PuYbYyd00FOhYzD64=
-2,83,nubVw1AyFpRXZ8zRmLdcO3aLDlQ=,bX7dtxxB63PuYbYyd00FOhYzD64=
-3,83,nubVw1AyFpRXZ8zRmLdcO3aLDlQ=,bX7dtxxB63PuYbYyd00FOhYzD64=
-10,84,nubVw1AyFpRXZ8zRmLdcO3aLDlQ=,bX7dtxxB63PuYbYyd00FOhYzD64=
-4,83,nubVw1AyFpRXZ8zRmLdcO3aLDlQ=,bX7dtxxB63PuYbYyd00FOhYzD64=
-5,83,nubVw1AyFpRXZ8zRmLdcO3aLDlQ=,bX7dtxxB63PuYbYyd00FOhYzD64=
-11,84,nubVw1AyFpRXZ8zRmLdcO3aLDlQ=,bX7dtxxB63PuYbYyd00FOhYzD64=
-6,83,nubVw1AyFpRXZ8zRmLdcO3aLDlQ=,bX7dtxxB63PuYbYyd00FOhYzD64=
-16,85,nubVw1AyFpRXZ8zRmLdcO3aLDlQ=,bX7dtxxB63PuYbYyd00FOhYzD64=
-7,83,nubVw1AyFpRXZ8zRmLdcO3aLDlQ=,bX7dtxxB63PuYbYyd00FOhYzD64=
-8,83,nubVw1AyFpRXZ8zRmLdcO3aLDlQ=,bX7dtxxB63PuYbYyd00FOhYzD64=
-14,84,nubVw1AyFpRXZ8zRmLdcO3aLDlQ=,bX7dtxxB63PuYbYyd00FOhYzD64=
-14,82,nubVw1AyFpRXZ8zRmLdcO3aLDlQ=,bX7dtxxB63PuYbYyd00FOhYzD64=
-13,83,nubVw1AyFpRXZ8zRmLdcO3aLDlQ=,bX7dtxxB63PuYbYyd00FOhYzD64=
-15,82,nubVw1AyFpRXZ8zRmLdcO3aLDlQ=,bX7dtxxB63PuYbYyd00FOhYzD64=
-13,84,nubVw1AyFpRXZ8zRmLdcO3aLDlQ=,bX7dtxxB63PuYbYyd00FOhYzD64=
-10,83,nubVw1AyFpRXZ8zRmLdcO3aLDlQ=,bX7dtxxB63PuYbYyd00FOhYzD64=
-14,83,nubVw1AyFpRXZ8zRmLdcO3aLDlQ=,bX7dtxxB63PuYbYyd00FOhYzD64=
-13,85,nubVw1AyFpRXZ8zRmLdcO3aLDlQ=,bX7dtxxB63PuYbYyd00FOhYzD64=
-1,82,nubVw1AyFpRXZ8zRmLdcO3aLDlQ=,bX7dtxxB63PuYbYyd00FOhYzD64=
-12,83,nubVw1AyFpRXZ8zRmLdcO3aLDlQ=,bX7dtxxB63PuYbYyd00FOhYzD64=
-9,83,nubVw1AyFpRXZ8zRmLdcO3aLDlQ=,bX7dtxxB63PuYbYyd00FOhYzD64=
-12,80,nubVw1AyFpRXZ8zRmLdcO3aLDlQ=,bX7dtxxB63PuYbYyd00FOhYzD64=
-15,84,nubVw1AyFpRXZ8zRmLdcO3aLDlQ=,bX7dtxxB63PuYbYyd00FOhYzD64=
-16,82,nubVw1AyFpRXZ8zRmLdcO3aLDlQ=,bX7dtxxB63PuYbYyd00FOhYzD64=
-16,84,nubVw1AyFpRXZ8zRmLdcO3aLDlQ=,bX7dtxxB63PuYbYyd00FOhYzD64=
-16,80,nubVw1AyFpRXZ8zRmLdcO3aLDlQ=,bX7dtxxB63PuYbYyd00FOhYzD64=
-16,83,nubVw1AyFpRXZ8zRmLdcO3aLDlQ=,bX7dtxxB63PuYbYyd00FOhYzD64=
-15,83,nubVw1AyFpRXZ8zRmLdcO3aLDlQ=,bX7dtxxB63PuYbYyd00FOhYzD64=
-11,83,nubVw1AyFpRXZ8zRmLdcO3aLDlQ=,bX7dtxxB63PuYbYyd00FOhYzD64=
-1,79,gOQefuoRkYsKwC4GyMVQVRHfhCs=,iJoObCoRlPizOkwZoqPGBDT/KPQ=
-3,66,gOQefuoRkYsKwC4GyMVQVRHfhCs=,iJoObCoRlPizOkwZoqPGBDT/KPQ=
-2,79,gOQefuoRkYsKwC4GyMVQVRHfhCs=,iJoObCoRlPizOkwZoqPGBDT/KPQ=
-13,64,gOQefuoRkYsKwC4GyMVQVRHfhCs=,iJoObCoRlPizOkwZoqPGBDT/KPQ=
-3,79,gOQefuoRkYsKwC4GyMVQVRHfhCs=,iJoObCoRlPizOkwZoqPGBDT/KPQ=
-9,79,gOQefuoRkYsKwC4GyMVQVRHfhCs=,iJoObCoRlPizOkwZoqPGBDT/KPQ=
-2,66,gOQefuoRkYsKwC4GyMVQVRHfhCs=,iJoObCoRlPizOkwZoqPGBDT/KPQ=
-8,79,gOQefuoRkYsKwC4GyMVQVRHfhCs=,iJoObCoRlPizOkwZoqPGBDT/KPQ=
-11,79,gOQefuoRkYsKwC4GyMVQVRHfhCs=,iJoObCoRlPizOkwZoqPGBDT/KPQ=
-13,79,gOQefuoRkYsKwC4GyMVQVRHfhCs=,iJoObCoRlPizOkwZoqPGBDT/KPQ=
-7,79,gOQefuoRkYsKwC4GyMVQVRHfhCs=,iJoObCoRlPizOkwZoqPGBDT/KPQ=
-15,65,gOQefuoRkYsKwC4GyMVQVRHfhCs=,iJoObCoRlPizOkwZoqPGBDT/KPQ=
-10,79,gOQefuoRkYsKwC4GyMVQVRHfhCs=,iJoObCoRlPizOkwZoqPGBDT/KPQ=
-4,79,gOQefuoRkYsKwC4GyMVQVRHfhCs=,iJoObCoRlPizOkwZoqPGBDT/KPQ=
-4,65,gOQefuoRkYsKwC4GyMVQVRHfhCs=,iJoObCoRlPizOkwZoqPGBDT/KPQ=
-3,65,gOQefuoRkYsKwC4GyMVQVRHfhCs=,iJoObCoRlPizOkwZoqPGBDT/KPQ=
-1,78,gOQefuoRkYsKwC4GyMVQVRHfhCs=,iJoObCoRlPizOkwZoqPGBDT/KPQ=
-6,65,gOQefuoRkYsKwC4GyMVQVRHfhCs=,iJoObCoRlPizOkwZoqPGBDT/KPQ=
-5,65,gOQefuoRkYsKwC4GyMVQVRHfhCs=,iJoObCoRlPizOkwZoqPGBDT/KPQ=
-12,79,gOQefuoRkYsKwC4GyMVQVRHfhCs=,iJoObCoRlPizOkwZoqPGBDT/KPQ=
-7,65,gOQefuoRkYsKwC4GyMVQVRHfhCs=,iJoObCoRlPizOkwZoqPGBDT/KPQ=
-9,65,gOQefuoRkYsKwC4GyMVQVRHfhCs=,iJoObCoRlPizOkwZoqPGBDT/KPQ=
-11,65,gOQefuoRkYsKwC4GyMVQVRHfhCs=,iJoObCoRlPizOkwZoqPGBDT/KPQ=
-10,65,gOQefuoRkYsKwC4GyMVQVRHfhCs=,iJoObCoRlPizOkwZoqPGBDT/KPQ=
-5,79,gOQefuoRkYsKwC4GyMVQVRHfhCs=,iJoObCoRlPizOkwZoqPGBDT/KPQ=
-12,65,gOQefuoRkYsKwC4GyMVQVRHfhCs=,iJoObCoRlPizOkwZoqPGBDT/KPQ=
-13,65,gOQefuoRkYsKwC4GyMVQVRHfhCs=,iJoObCoRlPizOkwZoqPGBDT/KPQ=
-2,78,gOQefuoRkYsKwC4GyMVQVRHfhCs=,iJoObCoRlPizOkwZoqPGBDT/KPQ=
-14,65,gOQefuoRkYsKwC4GyMVQVRHfhCs=,iJoObCoRlPizOkwZoqPGBDT/KPQ=
-14,64,gOQefuoRkYsKwC4GyMVQVRHfhCs=,iJoObCoRlPizOkwZoqPGBDT/KPQ=
-3,78,gOQefuoRkYsKwC4GyMVQVRHfhCs=,iJoObCoRlPizOkwZoqPGBDT/KPQ=
-4,66,gOQefuoRkYsKwC4GyMVQVRHfhCs=,iJoObCoRlPizOkwZoqPGBDT/KPQ=
-4,78,gOQefuoRkYsKwC4GyMVQVRHfhCs=,iJoObCoRlPizOkwZoqPGBDT/KPQ=
-2,65,gOQefuoRkYsKwC4GyMVQVRHfhCs=,iJoObCoRlPizOkwZoqPGBDT/KPQ=
-1,65,gOQefuoRkYsKwC4GyMVQVRHfhCs=,iJoObCoRlPizOkwZoqPGBDT/KPQ=
-8,78,gOQefuoRkYsKwC4GyMVQVRHfhCs=,iJoObCoRlPizOkwZoqPGBDT/KPQ=
-14,79,gOQefuoRkYsKwC4GyMVQVRHfhCs=,iJoObCoRlPizOkwZoqPGBDT/KPQ=
-15,79,gOQefuoRkYsKwC4GyMVQVRHfhCs=,iJoObCoRlPizOkwZoqPGBDT/KPQ=
-5,78,gOQefuoRkYsKwC4GyMVQVRHfhCs=,iJoObCoRlPizOkwZoqPGBDT/KPQ=
-9,78,gOQefuoRkYsKwC4GyMVQVRHfhCs=,iJoObCoRlPizOkwZoqPGBDT/KPQ=
-6,79,gOQefuoRkYsKwC4GyMVQVRHfhCs=,iJoObCoRlPizOkwZoqPGBDT/KPQ=
-1,66,gOQefuoRkYsKwC4GyMVQVRHfhCs=,iJoObCoRlPizOkwZoqPGBDT/KPQ=
-16,67,gOQefuoRkYsKwC4GyMVQVRHfhCs=,iJoObCoRlPizOkwZoqPGBDT/KPQ=
-15,67,gOQefuoRkYsKwC4GyMVQVRHfhCs=,iJoObCoRlPizOkwZoqPGBDT/KPQ=
-14,67,gOQefuoRkYsKwC4GyMVQVRHfhCs=,iJoObCoRlPizOkwZoqPGBDT/KPQ=
-12,67,gOQefuoRkYsKwC4GyMVQVRHfhCs=,iJoObCoRlPizOkwZoqPGBDT/KPQ=
-13,67,gOQefuoRkYsKwC4GyMVQVRHfhCs=,iJoObCoRlPizOkwZoqPGBDT/KPQ=
-16,66,gOQefuoRkYsKwC4GyMVQVRHfhCs=,iJoObCoRlPizOkwZoqPGBDT/KPQ=
-12,64,gOQefuoRkYsKwC4GyMVQVRHfhCs=,iJoObCoRlPizOkwZoqPGBDT/KPQ=
-16,79,gOQefuoRkYsKwC4GyMVQVRHfhCs=,iJoObCoRlPizOkwZoqPGBDT/KPQ=
-1,77,gOQefuoRkYsKwC4GyMVQVRHfhCs=,iJoObCoRlPizOkwZoqPGBDT/KPQ=
-8,65,gOQefuoRkYsKwC4GyMVQVRHfhCs=,iJoObCoRlPizOkwZoqPGBDT/KPQ=
-16,65,gOQefuoRkYsKwC4GyMVQVRHfhCs=,iJoObCoRlPizOkwZoqPGBDT/KPQ=
-6,78,gOQefuoRkYsKwC4GyMVQVRHfhCs=,iJoObCoRlPizOkwZoqPGBDT/KPQ=
-7,78,gOQefuoRkYsKwC4GyMVQVRHfhCs=,iJoObCoRlPizOkwZoqPGBDT/KPQ=
-5,66,gOQefuoRkYsKwC4GyMVQVRHfhCs=,iJoObCoRlPizOkwZoqPGBDT/KPQ=
-1,64,gOQefuoRkYsKwC4GyMVQVRHfhCs=,iJoObCoRlPizOkwZoqPGBDT/KPQ=
-4,77,gOQefuoRkYsKwC4GyMVQVRHfhCs=,iJoObCoRlPizOkwZoqPGBDT/KPQ=
-13,78,gOQefuoRkYsKwC4GyMVQVRHfhCs=,iJoObCoRlPizOkwZoqPGBDT/KPQ=
-11,67,gOQefuoRkYsKwC4GyMVQVRHfhCs=,iJoObCoRlPizOkwZoqPGBDT/KPQ=
-2,77,gOQefuoRkYsKwC4GyMVQVRHfhCs=,iJoObCoRlPizOkwZoqPGBDT/KPQ=
-5,77,gOQefuoRkYsKwC4GyMVQVRHfhCs=,iJoObCoRlPizOkwZoqPGBDT/KPQ=
-8,77,gOQefuoRkYsKwC4GyMVQVRHfhCs=,iJoObCoRlPizOkwZoqPGBDT/KPQ=
-10,78,gOQefuoRkYsKwC4GyMVQVRHfhCs=,iJoObCoRlPizOkwZoqPGBDT/KPQ=
-14,78,gOQefuoRkYsKwC4GyMVQVRHfhCs=,iJoObCoRlPizOkwZoqPGBDT/KPQ=
-15,78,gOQefuoRkYsKwC4GyMVQVRHfhCs=,iJoObCoRlPizOkwZoqPGBDT/KPQ=
-11,78,gOQefuoRkYsKwC4GyMVQVRHfhCs=,iJoObCoRlPizOkwZoqPGBDT/KPQ=
-3,77,gOQefuoRkYsKwC4GyMVQVRHfhCs=,iJoObCoRlPizOkwZoqPGBDT/KPQ=
-6,77,gOQefuoRkYsKwC4GyMVQVRHfhCs=,iJoObCoRlPizOkwZoqPGBDT/KPQ=
-9,77,gOQefuoRkYsKwC4GyMVQVRHfhCs=,iJoObCoRlPizOkwZoqPGBDT/KPQ=
-15,77,gOQefuoRkYsKwC4GyMVQVRHfhCs=,iJoObCoRlPizOkwZoqPGBDT/KPQ=
-16,78,gOQefuoRkYsKwC4GyMVQVRHfhCs=,iJoObCoRlPizOkwZoqPGBDT/KPQ=
-15,64,gOQefuoRkYsKwC4GyMVQVRHfhCs=,iJoObCoRlPizOkwZoqPGBDT/KPQ=
-1,76,gOQefuoRkYsKwC4GyMVQVRHfhCs=,iJoObCoRlPizOkwZoqPGBDT/KPQ=
-3,76,gOQefuoRkYsKwC4GyMVQVRHfhCs=,iJoObCoRlPizOkwZoqPGBDT/KPQ=
-10,77,gOQefuoRkYsKwC4GyMVQVRHfhCs=,iJoObCoRlPizOkwZoqPGBDT/KPQ=
-2,64,gOQefuoRkYsKwC4GyMVQVRHfhCs=,iJoObCoRlPizOkwZoqPGBDT/KPQ=
-6,66,gOQefuoRkYsKwC4GyMVQVRHfhCs=,iJoObCoRlPizOkwZoqPGBDT/KPQ=
-2,76,gOQefuoRkYsKwC4GyMVQVRHfhCs=,iJoObCoRlPizOkwZoqPGBDT/KPQ=
-10,67,gOQefuoRkYsKwC4GyMVQVRHfhCs=,iJoObCoRlPizOkwZoqPGBDT/KPQ=
-5,76,gOQefuoRkYsKwC4GyMVQVRHfhCs=,iJoObCoRlPizOkwZoqPGBDT/KPQ=
-7,76,gOQefuoRkYsKwC4GyMVQVRHfhCs=,iJoObCoRlPizOkwZoqPGBDT/KPQ=
-8,76,gOQefuoRkYsKwC4GyMVQVRHfhCs=,iJoObCoRlPizOkwZoqPGBDT/KPQ=
-13,77,gOQefuoRkYsKwC4GyMVQVRHfhCs=,iJoObCoRlPizOkwZoqPGBDT/KPQ=
-4,76,gOQefuoRkYsKwC4GyMVQVRHfhCs=,iJoObCoRlPizOkwZoqPGBDT/KPQ=
-6,76,gOQefuoRkYsKwC4GyMVQVRHfhCs=,iJoObCoRlPizOkwZoqPGBDT/KPQ=
-12,76,gOQefuoRkYsKwC4GyMVQVRHfhCs=,iJoObCoRlPizOkwZoqPGBDT/KPQ=
-16,77,gOQefuoRkYsKwC4GyMVQVRHfhCs=,iJoObCoRlPizOkwZoqPGBDT/KPQ=
-13,76,gOQefuoRkYsKwC4GyMVQVRHfhCs=,iJoObCoRlPizOkwZoqPGBDT/KPQ=
-12,77,gOQefuoRkYsKwC4GyMVQVRHfhCs=,iJoObCoRlPizOkwZoqPGBDT/KPQ=
-14,77,gOQefuoRkYsKwC4GyMVQVRHfhCs=,iJoObCoRlPizOkwZoqPGBDT/KPQ=
-1,75,gOQefuoRkYsKwC4GyMVQVRHfhCs=,iJoObCoRlPizOkwZoqPGBDT/KPQ=
-9,76,gOQefuoRkYsKwC4GyMVQVRHfhCs=,iJoObCoRlPizOkwZoqPGBDT/KPQ=
-3,75,gOQefuoRkYsKwC4GyMVQVRHfhCs=,iJoObCoRlPizOkwZoqPGBDT/KPQ=
-4,75,gOQefuoRkYsKwC4GyMVQVRHfhCs=,iJoObCoRlPizOkwZoqPGBDT/KPQ=
-3,64,gOQefuoRkYsKwC4GyMVQVRHfhCs=,iJoObCoRlPizOkwZoqPGBDT/KPQ=
-7,66,gOQefuoRkYsKwC4GyMVQVRHfhCs=,iJoObCoRlPizOkwZoqPGBDT/KPQ=
-5,75,gOQefuoRkYsKwC4GyMVQVRHfhCs=,iJoObCoRlPizOkwZoqPGBDT/KPQ=
-6,75,gOQefuoRkYsKwC4GyMVQVRHfhCs=,iJoObCoRlPizOkwZoqPGBDT/KPQ=
-8,75,gOQefuoRkYsKwC4GyMVQVRHfhCs=,iJoObCoRlPizOkwZoqPGBDT/KPQ=
-7,75,gOQefuoRkYsKwC4GyMVQVRHfhCs=,iJoObCoRlPizOkwZoqPGBDT/KPQ=
-11,77,gOQefuoRkYsKwC4GyMVQVRHfhCs=,iJoObCoRlPizOkwZoqPGBDT/KPQ=
-14,76,gOQefuoRkYsKwC4GyMVQVRHfhCs=,iJoObCoRlPizOkwZoqPGBDT/KPQ=
-9,67,gOQefuoRkYsKwC4GyMVQVRHfhCs=,iJoObCoRlPizOkwZoqPGBDT/KPQ=
-16,64,gOQefuoRkYsKwC4GyMVQVRHfhCs=,iJoObCoRlPizOkwZoqPGBDT/KPQ=
-12,75,gOQefuoRkYsKwC4GyMVQVRHfhCs=,iJoObCoRlPizOkwZoqPGBDT/KPQ=
-10,76,gOQefuoRkYsKwC4GyMVQVRHfhCs=,iJoObCoRlPizOkwZoqPGBDT/KPQ=
-2,75,gOQefuoRkYsKwC4GyMVQVRHfhCs=,iJoObCoRlPizOkwZoqPGBDT/KPQ=
-15,76,gOQefuoRkYsKwC4GyMVQVRHfhCs=,iJoObCoRlPizOkwZoqPGBDT/KPQ=
-8,67,gOQefuoRkYsKwC4GyMVQVRHfhCs=,iJoObCoRlPizOkwZoqPGBDT/KPQ=
-13,75,gOQefuoRkYsKwC4GyMVQVRHfhCs=,iJoObCoRlPizOkwZoqPGBDT/KPQ=
-10,75,gOQefuoRkYsKwC4GyMVQVRHfhCs=,iJoObCoRlPizOkwZoqPGBDT/KPQ=
-9,75,gOQefuoRkYsKwC4GyMVQVRHfhCs=,iJoObCoRlPizOkwZoqPGBDT/KPQ=
-7,67,gOQefuoRkYsKwC4GyMVQVRHfhCs=,iJoObCoRlPizOkwZoqPGBDT/KPQ=
-16,76,gOQefuoRkYsKwC4GyMVQVRHfhCs=,iJoObCoRlPizOkwZoqPGBDT/KPQ=
-4,74,gOQefuoRkYsKwC4GyMVQVRHfhCs=,iJoObCoRlPizOkwZoqPGBDT/KPQ=
-11,76,gOQefuoRkYsKwC4GyMVQVRHfhCs=,iJoObCoRlPizOkwZoqPGBDT/KPQ=
-5,74,gOQefuoRkYsKwC4GyMVQVRHfhCs=,iJoObCoRlPizOkwZoqPGBDT/KPQ=
-6,74,gOQefuoRkYsKwC4GyMVQVRHfhCs=,iJoObCoRlPizOkwZoqPGBDT/KPQ=
-3,74,gOQefuoRkYsKwC4GyMVQVRHfhCs=,iJoObCoRlPizOkwZoqPGBDT/KPQ=
-4,64,gOQefuoRkYsKwC4GyMVQVRHfhCs=,iJoObCoRlPizOkwZoqPGBDT/KPQ=
-11,75,gOQefuoRkYsKwC4GyMVQVRHfhCs=,iJoObCoRlPizOkwZoqPGBDT/KPQ=
-15,75,gOQefuoRkYsKwC4GyMVQVRHfhCs=,iJoObCoRlPizOkwZoqPGBDT/KPQ=
-14,75,gOQefuoRkYsKwC4GyMVQVRHfhCs=,iJoObCoRlPizOkwZoqPGBDT/KPQ=
-6,67,gOQefuoRkYsKwC4GyMVQVRHfhCs=,iJoObCoRlPizOkwZoqPGBDT/KPQ=
-5,67,gOQefuoRkYsKwC4GyMVQVRHfhCs=,iJoObCoRlPizOkwZoqPGBDT/KPQ=
-4,67,gOQefuoRkYsKwC4GyMVQVRHfhCs=,iJoObCoRlPizOkwZoqPGBDT/KPQ=
-7,74,gOQefuoRkYsKwC4GyMVQVRHfhCs=,iJoObCoRlPizOkwZoqPGBDT/KPQ=
-11,74,gOQefuoRkYsKwC4GyMVQVRHfhCs=,iJoObCoRlPizOkwZoqPGBDT/KPQ=
-9,74,gOQefuoRkYsKwC4GyMVQVRHfhCs=,iJoObCoRlPizOkwZoqPGBDT/KPQ=
-1,74,gOQefuoRkYsKwC4GyMVQVRHfhCs=,iJoObCoRlPizOkwZoqPGBDT/KPQ=
-13,74,gOQefuoRkYsKwC4GyMVQVRHfhCs=,iJoObCoRlPizOkwZoqPGBDT/KPQ=
-10,74,gOQefuoRkYsKwC4GyMVQVRHfhCs=,iJoObCoRlPizOkwZoqPGBDT/KPQ=
-8,66,gOQefuoRkYsKwC4GyMVQVRHfhCs=,iJoObCoRlPizOkwZoqPGBDT/KPQ=
-12,74,gOQefuoRkYsKwC4GyMVQVRHfhCs=,iJoObCoRlPizOkwZoqPGBDT/KPQ=
-2,74,gOQefuoRkYsKwC4GyMVQVRHfhCs=,iJoObCoRlPizOkwZoqPGBDT/KPQ=
-3,67,gOQefuoRkYsKwC4GyMVQVRHfhCs=,iJoObCoRlPizOkwZoqPGBDT/KPQ=
-3,73,gOQefuoRkYsKwC4GyMVQVRHfhCs=,iJoObCoRlPizOkwZoqPGBDT/KPQ=
-4,73,gOQefuoRkYsKwC4GyMVQVRHfhCs=,iJoObCoRlPizOkwZoqPGBDT/KPQ=
-5,73,gOQefuoRkYsKwC4GyMVQVRHfhCs=,iJoObCoRlPizOkwZoqPGBDT/KPQ=
-6,73,gOQefuoRkYsKwC4GyMVQVRHfhCs=,iJoObCoRlPizOkwZoqPGBDT/KPQ=
-7,73,gOQefuoRkYsKwC4GyMVQVRHfhCs=,iJoObCoRlPizOkwZoqPGBDT/KPQ=
-5,64,gOQefuoRkYsKwC4GyMVQVRHfhCs=,iJoObCoRlPizOkwZoqPGBDT/KPQ=
-2,67,gOQefuoRkYsKwC4GyMVQVRHfhCs=,iJoObCoRlPizOkwZoqPGBDT/KPQ=
-15,66,gOQefuoRkYsKwC4GyMVQVRHfhCs=,iJoObCoRlPizOkwZoqPGBDT/KPQ=
-2,73,gOQefuoRkYsKwC4GyMVQVRHfhCs=,iJoObCoRlPizOkwZoqPGBDT/KPQ=
-16,75,gOQefuoRkYsKwC4GyMVQVRHfhCs=,iJoObCoRlPizOkwZoqPGBDT/KPQ=
-1,67,gOQefuoRkYsKwC4GyMVQVRHfhCs=,iJoObCoRlPizOkwZoqPGBDT/KPQ=
-16,68,gOQefuoRkYsKwC4GyMVQVRHfhCs=,iJoObCoRlPizOkwZoqPGBDT/KPQ=
-15,68,gOQefuoRkYsKwC4GyMVQVRHfhCs=,iJoObCoRlPizOkwZoqPGBDT/KPQ=
-14,68,gOQefuoRkYsKwC4GyMVQVRHfhCs=,iJoObCoRlPizOkwZoqPGBDT/KPQ=
-13,68,gOQefuoRkYsKwC4GyMVQVRHfhCs=,iJoObCoRlPizOkwZoqPGBDT/KPQ=
-14,66,gOQefuoRkYsKwC4GyMVQVRHfhCs=,iJoObCoRlPizOkwZoqPGBDT/KPQ=
-1,73,gOQefuoRkYsKwC4GyMVQVRHfhCs=,iJoObCoRlPizOkwZoqPGBDT/KPQ=
-8,73,gOQefuoRkYsKwC4GyMVQVRHfhCs=,iJoObCoRlPizOkwZoqPGBDT/KPQ=
-10,73,gOQefuoRkYsKwC4GyMVQVRHfhCs=,iJoObCoRlPizOkwZoqPGBDT/KPQ=
-12,73,gOQefuoRkYsKwC4GyMVQVRHfhCs=,iJoObCoRlPizOkwZoqPGBDT/KPQ=
-14,74,gOQefuoRkYsKwC4GyMVQVRHfhCs=,iJoObCoRlPizOkwZoqPGBDT/KPQ=
-13,73,gOQefuoRkYsKwC4GyMVQVRHfhCs=,iJoObCoRlPizOkwZoqPGBDT/KPQ=
-11,73,gOQefuoRkYsKwC4GyMVQVRHfhCs=,iJoObCoRlPizOkwZoqPGBDT/KPQ=
-9,73,gOQefuoRkYsKwC4GyMVQVRHfhCs=,iJoObCoRlPizOkwZoqPGBDT/KPQ=
-15,74,gOQefuoRkYsKwC4GyMVQVRHfhCs=,iJoObCoRlPizOkwZoqPGBDT/KPQ=
-16,74,gOQefuoRkYsKwC4GyMVQVRHfhCs=,iJoObCoRlPizOkwZoqPGBDT/KPQ=
-3,72,gOQefuoRkYsKwC4GyMVQVRHfhCs=,iJoObCoRlPizOkwZoqPGBDT/KPQ=
-1,72,gOQefuoRkYsKwC4GyMVQVRHfhCs=,iJoObCoRlPizOkwZoqPGBDT/KPQ=
-4,72,gOQefuoRkYsKwC4GyMVQVRHfhCs=,iJoObCoRlPizOkwZoqPGBDT/KPQ=
-12,68,gOQefuoRkYsKwC4GyMVQVRHfhCs=,iJoObCoRlPizOkwZoqPGBDT/KPQ=
-11,64,gOQefuoRkYsKwC4GyMVQVRHfhCs=,iJoObCoRlPizOkwZoqPGBDT/KPQ=
-6,72,gOQefuoRkYsKwC4GyMVQVRHfhCs=,iJoObCoRlPizOkwZoqPGBDT/KPQ=
-9,66,gOQefuoRkYsKwC4GyMVQVRHfhCs=,iJoObCoRlPizOkwZoqPGBDT/KPQ=
-5,72,gOQefuoRkYsKwC4GyMVQVRHfhCs=,iJoObCoRlPizOkwZoqPGBDT/KPQ=
-6,64,gOQefuoRkYsKwC4GyMVQVRHfhCs=,iJoObCoRlPizOkwZoqPGBDT/KPQ=
-10,66,gOQefuoRkYsKwC4GyMVQVRHfhCs=,iJoObCoRlPizOkwZoqPGBDT/KPQ=
-2,72,gOQefuoRkYsKwC4GyMVQVRHfhCs=,iJoObCoRlPizOkwZoqPGBDT/KPQ=
-7,77,gOQefuoRkYsKwC4GyMVQVRHfhCs=,iJoObCoRlPizOkwZoqPGBDT/KPQ=
-8,74,gOQefuoRkYsKwC4GyMVQVRHfhCs=,iJoObCoRlPizOkwZoqPGBDT/KPQ=
-16,73,gOQefuoRkYsKwC4GyMVQVRHfhCs=,iJoObCoRlPizOkwZoqPGBDT/KPQ=
-7,72,gOQefuoRkYsKwC4GyMVQVRHfhCs=,iJoObCoRlPizOkwZoqPGBDT/KPQ=
-11,72,gOQefuoRkYsKwC4GyMVQVRHfhCs=,iJoObCoRlPizOkwZoqPGBDT/KPQ=
-14,72,gOQefuoRkYsKwC4GyMVQVRHfhCs=,iJoObCoRlPizOkwZoqPGBDT/KPQ=
-10,72,gOQefuoRkYsKwC4GyMVQVRHfhCs=,iJoObCoRlPizOkwZoqPGBDT/KPQ=
-16,72,gOQefuoRkYsKwC4GyMVQVRHfhCs=,iJoObCoRlPizOkwZoqPGBDT/KPQ=
-1,71,gOQefuoRkYsKwC4GyMVQVRHfhCs=,iJoObCoRlPizOkwZoqPGBDT/KPQ=
-3,71,gOQefuoRkYsKwC4GyMVQVRHfhCs=,iJoObCoRlPizOkwZoqPGBDT/KPQ=
-4,71,gOQefuoRkYsKwC4GyMVQVRHfhCs=,iJoObCoRlPizOkwZoqPGBDT/KPQ=
-15,73,gOQefuoRkYsKwC4GyMVQVRHfhCs=,iJoObCoRlPizOkwZoqPGBDT/KPQ=
-5,71,gOQefuoRkYsKwC4GyMVQVRHfhCs=,iJoObCoRlPizOkwZoqPGBDT/KPQ=
-11,68,gOQefuoRkYsKwC4GyMVQVRHfhCs=,iJoObCoRlPizOkwZoqPGBDT/KPQ=
-15,72,gOQefuoRkYsKwC4GyMVQVRHfhCs=,iJoObCoRlPizOkwZoqPGBDT/KPQ=
-2,71,gOQefuoRkYsKwC4GyMVQVRHfhCs=,iJoObCoRlPizOkwZoqPGBDT/KPQ=
-7,71,gOQefuoRkYsKwC4GyMVQVRHfhCs=,iJoObCoRlPizOkwZoqPGBDT/KPQ=
-6,71,gOQefuoRkYsKwC4GyMVQVRHfhCs=,iJoObCoRlPizOkwZoqPGBDT/KPQ=
-11,66,gOQefuoRkYsKwC4GyMVQVRHfhCs=,iJoObCoRlPizOkwZoqPGBDT/KPQ=
-8,72,gOQefuoRkYsKwC4GyMVQVRHfhCs=,iJoObCoRlPizOkwZoqPGBDT/KPQ=
-12,78,gOQefuoRkYsKwC4GyMVQVRHfhCs=,iJoObCoRlPizOkwZoqPGBDT/KPQ=
-12,72,gOQefuoRkYsKwC4GyMVQVRHfhCs=,iJoObCoRlPizOkwZoqPGBDT/KPQ=
-13,72,gOQefuoRkYsKwC4GyMVQVRHfhCs=,iJoObCoRlPizOkwZoqPGBDT/KPQ=
-14,71,gOQefuoRkYsKwC4GyMVQVRHfhCs=,iJoObCoRlPizOkwZoqPGBDT/KPQ=
-15,71,gOQefuoRkYsKwC4GyMVQVRHfhCs=,iJoObCoRlPizOkwZoqPGBDT/KPQ=
-16,71,gOQefuoRkYsKwC4GyMVQVRHfhCs=,iJoObCoRlPizOkwZoqPGBDT/KPQ=
-1,70,gOQefuoRkYsKwC4GyMVQVRHfhCs=,iJoObCoRlPizOkwZoqPGBDT/KPQ=
-10,71,gOQefuoRkYsKwC4GyMVQVRHfhCs=,iJoObCoRlPizOkwZoqPGBDT/KPQ=
-3,70,gOQefuoRkYsKwC4GyMVQVRHfhCs=,iJoObCoRlPizOkwZoqPGBDT/KPQ=
-9,71,gOQefuoRkYsKwC4GyMVQVRHfhCs=,iJoObCoRlPizOkwZoqPGBDT/KPQ=
-7,64,gOQefuoRkYsKwC4GyMVQVRHfhCs=,iJoObCoRlPizOkwZoqPGBDT/KPQ=
-4,70,gOQefuoRkYsKwC4GyMVQVRHfhCs=,iJoObCoRlPizOkwZoqPGBDT/KPQ=
-6,70,gOQefuoRkYsKwC4GyMVQVRHfhCs=,iJoObCoRlPizOkwZoqPGBDT/KPQ=
-2,70,gOQefuoRkYsKwC4GyMVQVRHfhCs=,iJoObCoRlPizOkwZoqPGBDT/KPQ=
-11,71,gOQefuoRkYsKwC4GyMVQVRHfhCs=,iJoObCoRlPizOkwZoqPGBDT/KPQ=
-7,70,gOQefuoRkYsKwC4GyMVQVRHfhCs=,iJoObCoRlPizOkwZoqPGBDT/KPQ=
-12,66,gOQefuoRkYsKwC4GyMVQVRHfhCs=,iJoObCoRlPizOkwZoqPGBDT/KPQ=
-10,68,gOQefuoRkYsKwC4GyMVQVRHfhCs=,iJoObCoRlPizOkwZoqPGBDT/KPQ=
-5,70,gOQefuoRkYsKwC4GyMVQVRHfhCs=,iJoObCoRlPizOkwZoqPGBDT/KPQ=
-9,70,gOQefuoRkYsKwC4GyMVQVRHfhCs=,iJoObCoRlPizOkwZoqPGBDT/KPQ=
-8,70,gOQefuoRkYsKwC4GyMVQVRHfhCs=,iJoObCoRlPizOkwZoqPGBDT/KPQ=
-14,70,gOQefuoRkYsKwC4GyMVQVRHfhCs=,iJoObCoRlPizOkwZoqPGBDT/KPQ=
-8,64,gOQefuoRkYsKwC4GyMVQVRHfhCs=,iJoObCoRlPizOkwZoqPGBDT/KPQ=
-15,70,gOQefuoRkYsKwC4GyMVQVRHfhCs=,iJoObCoRlPizOkwZoqPGBDT/KPQ=
-16,70,gOQefuoRkYsKwC4GyMVQVRHfhCs=,iJoObCoRlPizOkwZoqPGBDT/KPQ=
-8,71,gOQefuoRkYsKwC4GyMVQVRHfhCs=,iJoObCoRlPizOkwZoqPGBDT/KPQ=
-9,68,gOQefuoRkYsKwC4GyMVQVRHfhCs=,iJoObCoRlPizOkwZoqPGBDT/KPQ=
-12,71,gOQefuoRkYsKwC4GyMVQVRHfhCs=,iJoObCoRlPizOkwZoqPGBDT/KPQ=
-10,70,gOQefuoRkYsKwC4GyMVQVRHfhCs=,iJoObCoRlPizOkwZoqPGBDT/KPQ=
-8,68,gOQefuoRkYsKwC4GyMVQVRHfhCs=,iJoObCoRlPizOkwZoqPGBDT/KPQ=
-7,68,gOQefuoRkYsKwC4GyMVQVRHfhCs=,iJoObCoRlPizOkwZoqPGBDT/KPQ=
-6,68,gOQefuoRkYsKwC4GyMVQVRHfhCs=,iJoObCoRlPizOkwZoqPGBDT/KPQ=
-5,68,gOQefuoRkYsKwC4GyMVQVRHfhCs=,iJoObCoRlPizOkwZoqPGBDT/KPQ=
-1,69,gOQefuoRkYsKwC4GyMVQVRHfhCs=,iJoObCoRlPizOkwZoqPGBDT/KPQ=
-4,68,gOQefuoRkYsKwC4GyMVQVRHfhCs=,iJoObCoRlPizOkwZoqPGBDT/KPQ=
-13,71,gOQefuoRkYsKwC4GyMVQVRHfhCs=,iJoObCoRlPizOkwZoqPGBDT/KPQ=
-13,70,gOQefuoRkYsKwC4GyMVQVRHfhCs=,iJoObCoRlPizOkwZoqPGBDT/KPQ=
-5,69,gOQefuoRkYsKwC4GyMVQVRHfhCs=,iJoObCoRlPizOkwZoqPGBDT/KPQ=
-7,69,gOQefuoRkYsKwC4GyMVQVRHfhCs=,iJoObCoRlPizOkwZoqPGBDT/KPQ=
-4,69,gOQefuoRkYsKwC4GyMVQVRHfhCs=,iJoObCoRlPizOkwZoqPGBDT/KPQ=
-2,69,gOQefuoRkYsKwC4GyMVQVRHfhCs=,iJoObCoRlPizOkwZoqPGBDT/KPQ=
-3,69,gOQefuoRkYsKwC4GyMVQVRHfhCs=,iJoObCoRlPizOkwZoqPGBDT/KPQ=
-3,68,gOQefuoRkYsKwC4GyMVQVRHfhCs=,iJoObCoRlPizOkwZoqPGBDT/KPQ=
-8,69,gOQefuoRkYsKwC4GyMVQVRHfhCs=,iJoObCoRlPizOkwZoqPGBDT/KPQ=
-13,66,gOQefuoRkYsKwC4GyMVQVRHfhCs=,iJoObCoRlPizOkwZoqPGBDT/KPQ=
-11,70,gOQefuoRkYsKwC4GyMVQVRHfhCs=,iJoObCoRlPizOkwZoqPGBDT/KPQ=
-13,69,gOQefuoRkYsKwC4GyMVQVRHfhCs=,iJoObCoRlPizOkwZoqPGBDT/KPQ=
-14,69,gOQefuoRkYsKwC4GyMVQVRHfhCs=,iJoObCoRlPizOkwZoqPGBDT/KPQ=
-15,69,gOQefuoRkYsKwC4GyMVQVRHfhCs=,iJoObCoRlPizOkwZoqPGBDT/KPQ=
-16,69,gOQefuoRkYsKwC4GyMVQVRHfhCs=,iJoObCoRlPizOkwZoqPGBDT/KPQ=
-9,64,gOQefuoRkYsKwC4GyMVQVRHfhCs=,iJoObCoRlPizOkwZoqPGBDT/KPQ=
-10,64,gOQefuoRkYsKwC4GyMVQVRHfhCs=,iJoObCoRlPizOkwZoqPGBDT/KPQ=
-9,69,gOQefuoRkYsKwC4GyMVQVRHfhCs=,iJoObCoRlPizOkwZoqPGBDT/KPQ=
-14,73,gOQefuoRkYsKwC4GyMVQVRHfhCs=,iJoObCoRlPizOkwZoqPGBDT/KPQ=
-6,69,gOQefuoRkYsKwC4GyMVQVRHfhCs=,iJoObCoRlPizOkwZoqPGBDT/KPQ=
-1,68,gOQefuoRkYsKwC4GyMVQVRHfhCs=,iJoObCoRlPizOkwZoqPGBDT/KPQ=
-2,68,gOQefuoRkYsKwC4GyMVQVRHfhCs=,iJoObCoRlPizOkwZoqPGBDT/KPQ=
-12,70,gOQefuoRkYsKwC4GyMVQVRHfhCs=,iJoObCoRlPizOkwZoqPGBDT/KPQ=
-9,72,gOQefuoRkYsKwC4GyMVQVRHfhCs=,iJoObCoRlPizOkwZoqPGBDT/KPQ=
-10,69,gOQefuoRkYsKwC4GyMVQVRHfhCs=,iJoObCoRlPizOkwZoqPGBDT/KPQ=
-11,69,gOQefuoRkYsKwC4GyMVQVRHfhCs=,iJoObCoRlPizOkwZoqPGBDT/KPQ=
-12,69,gOQefuoRkYsKwC4GyMVQVRHfhCs=,iJoObCoRlPizOkwZoqPGBDT/KPQ=
