9,98,7/v4OneEKnZRJPfZYqUulupjCH4=,gwiBeKde3VNyIX7PxsbubS3Zpkw=
15,97,7/v4OneEKnZRJPfZYqUulupjCH4=,gwiBeKde3VNyIX7PxsbubS3Zpkw=
8,98,7/v4OneEKnZRJPfZYqUulupjCH4=,gwiBeKde3VNyIX7PxsbubS3Zpkw=
6,98,7/v4OneEKnZRJPfZYqUulupjCH4=,gwiBeKde3VNyIX7PxsbubS3Zpkw=
7,98,7/v4OneEKnZRJPfZYqUulupjCH4=,gwiBeKde3VNyIX7PxsbubS3Zpkw=
4,98,7/v4OneEKnZRJPfZYqUulupjCH4=,gwiBeKde3VNyIX7PxsbubS3Zpkw=
3,96,7/v4OneEKnZRJPfZYqUulupjCH4=,gwiBeKde3VNyIX7PxsbubS3Zpkw=
12,98,7/v4OneEKnZRJPfZYqUulupjCH4=,gwiBeKde3VNyIX7PxsbubS3Zpkw=
5,98,7/v4OneEKnZRJPfZYqUulupjCH4=,gwiBeKde3VNyIX7PxsbubS3Zpkw=
1,98,7/v4OneEKnZRJPfZYqUulupjCH4=,gwiBeKde3VNyIX7PxsbubS3Zpkw=
0,98,7/v4OneEKnZRJPfZYqUulupjCH4=,gwiBeKde3VNyIX7PxsbubS3Zpkw=
10,98,7/v4OneEKnZRJPfZYqUulupjCH4=,gwiBeKde3VNyIX7PxsbubS3Zpkw=
2,98,7/v4OneEKnZRJPfZYqUulupjCH4=,gwiBeKde3VNyIX7PxsbubS3Zpkw=
11,98,7/v4OneEKnZRJPfZYqUulupjCH4=,gwiBeKde3VNyIX7PxsbubS3Zpkw=
14,98,7/v4OneEKnZRJPfZYqUulupjCH4=,gwiBeKde3VNyIX7PxsbubS3Zpkw=
11,111,7/v4OneEKnZRJPfZYqUulupjCH4=,gwiBeKde3VNyIX7PxsbubS3Zpkw=
12,99,7/v4OneEKnZRJPfZYqUulupjCH4=,gwiBeKde3VNyIX7PxsbubS3Zpkw=
13,98,7/v4OneEKnZRJPfZYqUulupjCH4=,gwiBeKde3VNyIX7PxsbubS3Zpkw=
15,111,7/v4OneEKnZRJPfZYqUulupjCH4=,gwiBeKde3VNyIX7PxsbubS3Zpkw=
12,111,7/v4OneEKnZRJPfZYqUulupjCH4=,gwiBeKde3VNyIX7PxsbubS3Zpkw=
3,98,7/v4OneEKnZRJPfZYqUulupjCH4=,gwiBeKde3VNyIX7PxsbubS3Zpkw=
14,99,7/v4OneEKnZRJPfZYqUulupjCH4=,gwiBeKde3VNyIX7PxsbubS3Zpkw=
4,96,7/v4OneEKnZRJPfZYqUulupjCH4=,gwiBeKde3VNyIX7PxsbubS3Zpkw=
5,96,7/v4OneEKnZRJPfZYqUulupjCH4=,gwiBeKde3VNyIX7PxsbubS3Zpkw=
15,99,7/v4OneEKnZRJPfZYqUulupjCH4=,gwiBeKde3VNyIX7PxsbubS3Zpkw=
13,99,7/v4OneEKnZRJPfZYqUulupjCH4=,gwiBeKde3VNyIX7PxsbubS3Zpkw=
11,99,7/v4OneEKnZRJPfZYqUulupjCH4=,gwiBeKde3VNyIX7PxsbubS3Zpkw=
0,100,7/v4OneEKnZRJPfZYqUulupjCH4=,gwiBeKde3VNyIX7PxsbubS3Zpkw=
2,96,7/v4OneEKnZRJPfZYqUulupjCH4=,gwiBeKde3VNyIX7PxsbubS3Zpkw=
13,111,7/v4OneEKnZRJPfZYqUulupjCH4=,gwiBeKde3VNyIX7PxsbubS3Zpkw=
10,111,7/v4OneEKnZRJPfZYqUulupjCH4=,gwiBeKde3VNyIX7PxsbubS3Zpkw=
10,99,7/v4OneEKnZRJPfZYqUulupjCH4=,gwiBeKde3VNyIX7PxsbubS3Zpkw=
8,111,7/v4OneEKnZRJPfZYqUulupjCH4=,gwiBeKde3VNyIX7PxsbubS3Zpkw=
7,111,7/v4OneEKnZRJPfZYqUulupjCH4=,gwiBeKde3VNyIX7PxsbubS3Zpkw=
14,111,7/v4OneEKnZRJPfZYqUulupjCH4=,gwiBeKde3VNyIX7PxsbubS3Zpkw=
5,111,7/v4OneEKnZRJPfZYqUulupjCH4=,gwiBeKde3VNyIX7PxsbubS3Zpkw=
14,97,7/v4OneEKnZRJPfZYqUulupjCH4=,gwiBeKde3VNyIX7PxsbubS3Zpkw=
9,111,7/v4OneEKnZRJPfZYqUulupjCH4=,gwiBeKde3VNyIX7PxsbubS3Zpkw=
13,110,7/v4OneEKnZRJPfZYqUulupjCH4=,gwiBeKde3VNyIX7PxsbubS3Zpkw=
4,111,7/v4OneEKnZRJPfZYqUulupjCH4=,gwiBeKde3VNyIX7PxsbubS3Zpkw=
3,111,7/v4OneEKnZRJPfZYqUulupjCH4=,gwiBeKde3VNyIX7PxsbubS3Zpkw=
2,97,7/v4OneEKnZRJPfZYqUulupjCH4=,gwiBeKde3VNyIX7PxsbubS3Zpkw=
2,111,7/v4OneEKnZRJPfZYqUulupjCH4=,gwiBeKde3VNyIX7PxsbubS3Zpkw=
1,100,7/v4OneEKnZRJPfZYqUulupjCH4=,gwiBeKde3VNyIX7PxsbubS3Zpkw=
6,111,7/v4OneEKnZRJPfZYqUulupjCH4=,gwiBeKde3VNyIX7PxsbubS3Zpkw=
0,111,7/v4OneEKnZRJPfZYqUulupjCH4=,gwiBeKde3VNyIX7PxsbubS3Zpkw=
2,100,7/v4OneEKnZRJPfZYqUulupjCH4=,gwiBeKde3VNyIX7PxsbubS3Zpkw=
15,110,7/v4OneEKnZRJPfZYqUulupjCH4=,gwiBeKde3VNyIX7PxsbubS3Zpkw=
1,111,7/v4OneEKnZRJPfZYqUulupjCH4=,gwiBeKde3VNyIX7PxsbubS3Zpkw=
14,110,7/v4OneEKnZRJPfZYqUulupjCH4=,gwiBeKde3VNyIX7PxsbubS3Zpkw=
3,100,7/v4OneEKnZRJPfZYqUulupjCH4=,gwiBeKde3VNyIX7PxsbubS3Zpkw=
9,110,7/v4OneEKnZRJPfZYqUulupjCH4=,gwiBeKde3VNyIX7PxsbubS3Zpkw=
4,110,7/v4OneEKnZRJPfZYqUulupjCH4=,gwiBeKde3VNyIX7PxsbubS3Zpkw=
5,110,7/v4OneEKnZRJPfZYqUulupjCH4=,gwiBeKde3VNyIX7PxsbubS3Zpkw=
0,97,7/v4OneEKnZRJPfZYqUulupjCH4=,gwiBeKde3VNyIX7PxsbubS3Zpkw=
12,110,7/v4OneEKnZRJPfZYqUulupjCH4=,gwiBeKde3VNyIX7PxsbubS3Zpkw=
8,110,7/v4OneEKnZRJPfZYqUulupjCH4=,gwiBeKde3VNyIX7PxsbubS3Zpkw=
7,110,7/v4OneEKnZRJPfZYqUulupjCH4=,gwiBeKde3VNyIX7PxsbubS3Zpkw=
10,110,7/v4OneEKnZRJPfZYqUulupjCH4=,gwiBeKde3VNyIX7PxsbubS3Zpkw=
3,110,7/v4OneEKnZRJPfZYqUulupjCH4=,gwiBeKde3VNyIX7PxsbubS3Zpkw=
15,109,7/v4OneEKnZRJPfZYqUulupjCH4=,gwiBeKde3VNyIX7PxsbubS3Zpkw=
6,110,7/v4OneEKnZRJPfZYqUulupjCH4=,gwiBeKde3VNyIX7PxsbubS3Zpkw=
11,110,7/v4OneEKnZRJPfZYqUulupjCH4=,gwiBeKde3VNyIX7PxsbubS3Zpkw=
2,110,7/v4OneEKnZRJPfZYqUulupjCH4=,gwiBeKde3VNyIX7PxsbubS3Zpkw=
14,109,7/v4OneEKnZRJPfZYqUulupjCH4=,gwiBeKde3VNyIX7PxsbubS3Zpkw=
9,99,7/v4OneEKnZRJPfZYqUulupjCH4=,gwiBeKde3VNyIX7PxsbubS3Zpkw=
1,97,7/v4OneEKnZRJPfZYqUulupjCH4=,gwiBeKde3VNyIX7PxsbubS3Zpkw=
0,96,7/v4OneEKnZRJPfZYqUulupjCH4=,gwiBeKde3VNyIX7PxsbubS3Zpkw=
0,110,7/v4OneEKnZRJPfZYqUulupjCH4=,gwiBeKde3VNyIX7PxsbubS3Zpkw=
12,109,7/v4OneEKnZRJPfZYqUulupjCH4=,gwiBeKde3VNyIX7PxsbubS3Zpkw=
13,109,7/v4OneEKnZRJPfZYqUulupjCH4=,gwiBeKde3VNyIX7PxsbubS3Zpkw=
1,110,7/v4OneEKnZRJPfZYqUulupjCH4=,gwiBeKde3VNyIX7PxsbubS3Zpkw=
1,96,7/v4OneEKnZRJPfZYqUulupjCH4=,gwiBeKde3VNyIX7PxsbubS3Zpkw=
15,96,7/v4OneEKnZRJPfZYqUulupjCH4=,gwiBeKde3VNyIX7PxsbubS3Zpkw=
9,109,7/v4OneEKnZRJPfZYqUulupjCH4=,gwiBeKde3VNyIX7PxsbubS3Zpkw=
8,99,7/v4OneEKnZRJPfZYqUulupjCH4=,gwiBeKde3VNyIX7PxsbubS3Zpkw=
11,109,7/v4OneEKnZRJPfZYqUulupjCH4=,gwiBeKde3VNyIX7PxsbubS3Zpkw=
10,109,7/v4OneEKnZRJPfZYqUulupjCH4=,gwiBeKde3VNyIX7PxsbubS3Zpkw=
5,109,7/v4OneEKnZRJPfZYqUulupjCH4=,gwiBeKde3VNyIX7PxsbubS3Zpkw=
4,109,7/v4OneEKnZRJPfZYqUulupjCH4=,gwiBeKde3VNyIX7PxsbubS3Zpkw=
7,109,7/v4OneEKnZRJPfZYqUulupjCH4=,gwiBeKde3VNyIX7PxsbubS3Zpkw=
15,108,7/v4OneEKnZRJPfZYqUulupjCH4=,gwiBeKde3VNyIX7PxsbubS3Zpkw=
8,109,7/v4OneEKnZRJPfZYqUulupjCH4=,gwiBeKde3VNyIX7PxsbubS3Zpkw=
2,109,7/v4OneEKnZRJPfZYqUulupjCH4=,gwiBeKde3VNyIX7PxsbubS3Zpkw=
14,108,7/v4OneEKnZRJPfZYqUulupjCH4=,gwiBeKde3VNyIX7PxsbubS3Zpkw=
11,108,7/v4OneEKnZRJPfZYqUulupjCH4=,gwiBeKde3VNyIX7PxsbubS3Zpkw=
3,109,7/v4OneEKnZRJPfZYqUulupjCH4=,gwiBeKde3VNyIX7PxsbubS3Zpkw=
4,100,7/v4OneEKnZRJPfZYqUulupjCH4=,gwiBeKde3VNyIX7PxsbubS3Zpkw=
13,97,7/v4OneEKnZRJPfZYqUulupjCH4=,gwiBeKde3VNyIX7PxsbubS3Zpkw=
6,109,7/v4OneEKnZRJPfZYqUulupjCH4=,gwiBeKde3VNyIX7PxsbubS3Zpkw=
13,108,7/v4OneEKnZRJPfZYqUulupjCH4=,gwiBeKde3VNyIX7PxsbubS3Zpkw=
12,97,7/v4OneEKnZRJPfZYqUulupjCH4=,gwiBeKde3VNyIX7PxsbubS3Zpkw=
0,109,7/v4OneEKnZRJPfZYqUulupjCH4=,gwiBeKde3VNyIX7PxsbubS3Zpkw=
10,108,7/v4OneEKnZRJPfZYqUulupjCH4=,gwiBeKde3VNyIX7PxsbubS3Zpkw=
12,108,7/v4OneEKnZRJPfZYqUulupjCH4=,gwiBeKde3VNyIX7PxsbubS3Zpkw=
7,99,7/v4OneEKnZRJPfZYqUulupjCH4=,gwiBeKde3VNyIX7PxsbubS3Zpkw=
1,109,7/v4OneEKnZRJPfZYqUulupjCH4=,gwiBeKde3VNyIX7PxsbubS3Zpkw=
9,108,7/v4OneEKnZRJPfZYqUulupjCH4=,gwiBeKde3VNyIX7PxsbubS3Zpkw=
14,96,7/v4OneEKnZRJPfZYqUulupjCH4=,gwiBeKde3VNyIX7PxsbubS3Zpkw=
6,108,7/v4OneEKnZRJPfZYqUulupjCH4=,gwiBeKde3VNyIX7PxsbubS3Zpkw=
6,100,7/v4OneEKnZRJPfZYqUulupjCH4=,gwiBeKde3VNyIX7PxsbubS3Zpkw=
5,100,7/v4OneEKnZRJPfZYqUulupjCH4=,gwiBeKde3VNyIX7PxsbubS3Zpkw=
14,107,7/v4OneEKnZRJPfZYqUulupjCH4=,gwiBeKde3VNyIX7PxsbubS3Zpkw=
8,108,7/v4OneEKnZRJPfZYqUulupjCH4=,gwiBeKde3VNyIX7PxsbubS3Zpkw=
15,107,7/v4OneEKnZRJPfZYqUulupjCH4=,gwiBeKde3VNyIX7PxsbubS3Zpkw=
7,100,7/v4OneEKnZRJPfZYqUulupjCH4=,gwiBeKde3VNyIX7PxsbubS3Zpkw=
13,107,7/v4OneEKnZRJPfZYqUulupjCH4=,gwiBeKde3VNyIX7PxsbubS3Zpkw=
12,107,7/v4OneEKnZRJPfZYqUulupjCH4=,gwiBeKde3VNyIX7PxsbubS3Zpkw=
8,100,7/v4OneEKnZRJPfZYqUulupjCH4=,gwiBeKde3VNyIX7PxsbubS3Zpkw=
2,108,7/v4OneEKnZRJPfZYqUulupjCH4=,gwiBeKde3VNyIX7PxsbubS3Zpkw=
5,108,7/v4OneEKnZRJPfZYqUulupjCH4=,gwiBeKde3VNyIX7PxsbubS3Zpkw=
10,107,7/v4OneEKnZRJPfZYqUulupjCH4=,gwiBeKde3VNyIX7PxsbubS3Zpkw=
3,108,7/v4OneEKnZRJPfZYqUulupjCH4=,gwiBeKde3VNyIX7PxsbubS3Zpkw=
7,108,7/v4OneEKnZRJPfZYqUulupjCH4=,gwiBeKde3VNyIX7PxsbubS3Zpkw=
9,107,7/v4OneEKnZRJPfZYqUulupjCH4=,gwiBeKde3VNyIX7PxsbubS3Zpkw=
6,99,7/v4OneEKnZRJPfZYqUulupjCH4=,gwiBeKde3VNyIX7PxsbubS3Zpkw=
11,97,7/v4OneEKnZRJPfZYqUulupjCH4=,gwiBeKde3VNyIX7PxsbubS3Zpkw=
0,108,7/v4OneEKnZRJPfZYqUulupjCH4=,gwiBeKde3VNyIX7PxsbubS3Zpkw=
4,108,7/v4OneEKnZRJPfZYqUulupjCH4=,gwiBeKde3VNyIX7PxsbubS3Zpkw=
8,107,7/v4OneEKnZRJPfZYqUulupjCH4=,gwiBeKde3VNyIX7PxsbubS3Zpkw=
1,108,7/v4OneEKnZRJPfZYqUulupjCH4=,gwiBeKde3VNyIX7PxsbubS3Zpkw=
11,107,7/v4OneEKnZRJPfZYqUulupjCH4=,gwiBeKde3VNyIX7PxsbubS3Zpkw=
10,97,7/v4OneEKnZRJPfZYqUulupjCH4=,gwiBeKde3VNyIX7PxsbubS3Zpkw=
0,107,7/v4OneEKnZRJPfZYqUulupjCH4=,gwiBeKde3VNyIX7PxsbubS3Zpkw=
9,100,7/v4OneEKnZRJPfZYqUulupjCH4=,gwiBeKde3VNyIX7PxsbubS3Zpkw=
1,107,7/v4OneEKnZRJPfZYqUulupjCH4=,gwiBeKde3VNyIX7PxsbubS3Zpkw=
2,107,7/v4OneEKnZRJPfZYqUulupjCH4=,gwiBeKde3VNyIX7PxsbubS3Zpkw=
7,107,7/v4OneEKnZRJPfZYqUulupjCH4=,gwiBeKde3VNyIX7PxsbubS3Zpkw=
6,107,7/v4OneEKnZRJPfZYqUulupjCH4=,gwiBeKde3VNyIX7PxsbubS3Zpkw=
3,107,7/v4OneEKnZRJPfZYqUulupjCH4=,gwiBeKde3VNyIX7PxsbubS3Zpkw=
5,107,7/v4OneEKnZRJPfZYqUulupjCH4=,gwiBeKde3VNyIX7PxsbubS3Zpkw=
10,106,7/v4OneEKnZRJPfZYqUulupjCH4=,gwiBeKde3VNyIX7PxsbubS3Zpkw=
12,106,7/v4OneEKnZRJPfZYqUulupjCH4=,gwiBeKde3VNyIX7PxsbubS3Zpkw=
9,106,7/v4OneEKnZRJPfZYqUulupjCH4=,gwiBeKde3VNyIX7PxsbubS3Zpkw=
13,96,7/v4OneEKnZRJPfZYqUulupjCH4=,gwiBeKde3VNyIX7PxsbubS3Zpkw=
11,106,7/v4OneEKnZRJPfZYqUulupjCH4=,gwiBeKde3VNyIX7PxsbubS3Zpkw=
5,99,7/v4OneEKnZRJPfZYqUulupjCH4=,gwiBeKde3VNyIX7PxsbubS3Zpkw=
13,106,7/v4OneEKnZRJPfZYqUulupjCH4=,gwiBeKde3VNyIX7PxsbubS3Zpkw=
15,106,7/v4OneEKnZRJPfZYqUulupjCH4=,gwiBeKde3VNyIX7PxsbubS3Zpkw=
8,106,7/v4OneEKnZRJPfZYqUulupjCH4=,gwiBeKde3VNyIX7PxsbubS3Zpkw=
10,100,7/v4OneEKnZRJPfZYqUulupjCH4=,gwiBeKde3VNyIX7PxsbubS3Zpkw=
7,106,7/v4OneEKnZRJPfZYqUulupjCH4=,gwiBeKde3VNyIX7PxsbubS3Zpkw=
3,106,7/v4OneEKnZRJPfZYqUulupjCH4=,gwiBeKde3VNyIX7PxsbubS3Zpkw=
9,97,7/v4OneEKnZRJPfZYqUulupjCH4=,gwiBeKde3VNyIX7PxsbubS3Zpkw=
2,106,7/v4OneEKnZRJPfZYqUulupjCH4=,gwiBeKde3VNyIX7PxsbubS3Zpkw=
15,105,7/v4OneEKnZRJPfZYqUulupjCH4=,gwiBeKde3VNyIX7PxsbubS3Zpkw=
1,106,7/v4OneEKnZRJPfZYqUulupjCH4=,gwiBeKde3VNyIX7PxsbubS3Zpkw=
14,106,7/v4OneEKnZRJPfZYqUulupjCH4=,gwiBeKde3VNyIX7PxsbubS3Zpkw=
4,106,7/v4OneEKnZRJPfZYqUulupjCH4=,gwiBeKde3VNyIX7PxsbubS3Zpkw=
14,105,7/v4OneEKnZRJPfZYqUulupjCH4=,gwiBeKde3VNyIX7PxsbubS3Zpkw=
6,106,7/v4OneEKnZRJPfZYqUulupjCH4=,gwiBeKde3VNyIX7PxsbubS3Zpkw=
5,106,7/v4OneEKnZRJPfZYqUulupjCH4=,gwiBeKde3VNyIX7PxsbubS3Zpkw=
12,96,7/v4OneEKnZRJPfZYqUulupjCH4=,gwiBeKde3VNyIX7PxsbubS3Zpkw=
11,105,7/v4OneEKnZRJPfZYqUulupjCH4=,gwiBeKde3VNyIX7PxsbubS3Zpkw=
12,105,7/v4OneEKnZRJPfZYqUulupjCH4=,gwiBeKde3VNyIX7PxsbubS3Zpkw=
10,105,7/v4OneEKnZRJPfZYqUulupjCH4=,gwiBeKde3VNyIX7PxsbubS3Zpkw=
0,106,7/v4OneEKnZRJPfZYqUulupjCH4=,gwiBeKde3VNyIX7PxsbubS3Zpkw=
9,105,7/v4OneEKnZRJPfZYqUulupjCH4=,gwiBeKde3VNyIX7PxsbubS3Zpkw=
7,105,7/v4OneEKnZRJPfZYqUulupjCH4=,gwiBeKde3VNyIX7PxsbubS3Zpkw=
11,100,7/v4OneEKnZRJPfZYqUulupjCH4=,gwiBeKde3VNyIX7PxsbubS3Zpkw=
15,98,7/v4OneEKnZRJPfZYqUulupjCH4=,gwiBeKde3VNyIX7PxsbubS3Zpkw=
6,96,7/v4OneEKnZRJPfZYqUulupjCH4=,gwiBeKde3VNyIX7PxsbubS3Zpkw=
8,105,7/v4OneEKnZRJPfZYqUulupjCH4=,gwiBeKde3VNyIX7PxsbubS3Zpkw=
3,105,7/v4OneEKnZRJPfZYqUulupjCH4=,gwiBeKde3VNyIX7PxsbubS3Zpkw=
8,97,7/v4OneEKnZRJPfZYqUulupjCH4=,gwiBeKde3VNyIX7PxsbubS3Zpkw=
13,105,7/v4OneEKnZRJPfZYqUulupjCH4=,gwiBeKde3VNyIX7PxsbubS3Zpkw=
15,104,7/v4OneEKnZRJPfZYqUulupjCH4=,gwiBeKde3VNyIX7PxsbubS3Zpkw=
14,104,7/v4OneEKnZRJPfZYqUulupjCH4=,gwiBeKde3VNyIX7PxsbubS3Zpkw=
2,105,7/v4OneEKnZRJPfZYqUulupjCH4=,gwiBeKde3VNyIX7PxsbubS3Zpkw=
5,105,7/v4OneEKnZRJPfZYqUulupjCH4=,gwiBeKde3VNyIX7PxsbubS3Zpkw=
11,96,7/v4OneEKnZRJPfZYqUulupjCH4=,gwiBeKde3VNyIX7PxsbubS3Zpkw=
4,99,7/v4OneEKnZRJPfZYqUulupjCH4=,gwiBeKde3VNyIX7PxsbubS3Zpkw=
4,105,7/v4OneEKnZRJPfZYqUulupjCH4=,gwiBeKde3VNyIX7PxsbubS3Zpkw=
13,104,7/v4OneEKnZRJPfZYqUulupjCH4=,gwiBeKde3VNyIX7PxsbubS3Zpkw=
10,96,7/v4OneEKnZRJPfZYqUulupjCH4=,gwiBeKde3VNyIX7PxsbubS3Zpkw=
6,105,7/v4OneEKnZRJPfZYqUulupjCH4=,gwiBeKde3VNyIX7PxsbubS3Zpkw=
12,104,7/v4OneEKnZRJPfZYqUulupjCH4=,gwiBeKde3VNyIX7PxsbubS3Zpkw=
1,105,7/v4OneEKnZRJPfZYqUulupjCH4=,gwiBeKde3VNyIX7PxsbubS3Zpkw=
2,104,7/v4OneEKnZRJPfZYqUulupjCH4=,gwiBeKde3VNyIX7PxsbubS3Zpkw=
9,104,7/v4OneEKnZRJPfZYqUulupjCH4=,gwiBeKde3VNyIX7PxsbubS3Zpkw=
0,105,7/v4OneEKnZRJPfZYqUulupjCH4=,gwiBeKde3VNyIX7PxsbubS3Zpkw=
7,97,7/v4OneEKnZRJPfZYqUulupjCH4=,gwiBeKde3VNyIX7PxsbubS3Zpkw=
12,100,7/v4OneEKnZRJPfZYqUulupjCH4=,gwiBeKde3VNyIX7PxsbubS3Zpkw=
7,104,7/v4OneEKnZRJPfZYqUulupjCH4=,gwiBeKde3VNyIX7PxsbubS3Zpkw=
4,104,7/v4OneEKnZRJPfZYqUulupjCH4=,gwiBeKde3VNyIX7PxsbubS3Zpkw=
15,103,7/v4OneEKnZRJPfZYqUulupjCH4=,gwiBeKde3VNyIX7PxsbubS3Zpkw=
13,100,7/v4OneEKnZRJPfZYqUulupjCH4=,gwiBeKde3VNyIX7PxsbubS3Zpkw=
11,104,7/v4OneEKnZRJPfZYqUulupjCH4=,gwiBeKde3VNyIX7PxsbubS3Zpkw=
0,104,7/v4OneEKnZRJPfZYqUulupjCH4=,gwiBeKde3VNyIX7PxsbubS3Zpkw=
14,103,7/v4OneEKnZRJPfZYqUulupjCH4=,gwiBeKde3VNyIX7PxsbubS3Zpkw=
14,100,7/v4OneEKnZRJPfZYqUulupjCH4=,gwiBeKde3VNyIX7PxsbubS3Zpkw=
15,100,7/v4OneEKnZRJPfZYqUulupjCH4=,gwiBeKde3VNyIX7PxsbubS3Zpkw=
10,104,7/v4OneEKnZRJPfZYqUulupjCH4=,gwiBeKde3VNyIX7PxsbubS3Zpkw=
0,101,7/v4OneEKnZRJPfZYqUulupjCH4=,gwiBeKde3VNyIX7PxsbubS3Zpkw=
9,103,7/v4OneEKnZRJPfZYqUulupjCH4=,gwiBeKde3VNyIX7PxsbubS3Zpkw=
3,99,7/v4OneEKnZRJPfZYqUulupjCH4=,gwiBeKde3VNyIX7PxsbubS3Zpkw=
9,96,7/v4OneEKnZRJPfZYqUulupjCH4=,gwiBeKde3VNyIX7PxsbubS3Zpkw=
5,104,7/v4OneEKnZRJPfZYqUulupjCH4=,gwiBeKde3VNyIX7PxsbubS3Zpkw=
8,103,7/v4OneEKnZRJPfZYqUulupjCH4=,gwiBeKde3VNyIX7PxsbubS3Zpkw=
3,104,7/v4OneEKnZRJPfZYqUulupjCH4=,gwiBeKde3VNyIX7PxsbubS3Zpkw=
6,104,7/v4OneEKnZRJPfZYqUulupjCH4=,gwiBeKde3VNyIX7PxsbubS3Zpkw=
12,103,7/v4OneEKnZRJPfZYqUulupjCH4=,gwiBeKde3VNyIX7PxsbubS3Zpkw=
11,103,7/v4OneEKnZRJPfZYqUulupjCH4=,gwiBeKde3VNyIX7PxsbubS3Zpkw=
2,103,7/v4OneEKnZRJPfZYqUulupjCH4=,gwiBeKde3VNyIX7PxsbubS3Zpkw=
10,103,7/v4OneEKnZRJPfZYqUulupjCH4=,gwiBeKde3VNyIX7PxsbubS3Zpkw=
13,103,7/v4OneEKnZRJPfZYqUulupjCH4=,gwiBeKde3VNyIX7PxsbubS3Zpkw=
6,97,7/v4OneEKnZRJPfZYqUulupjCH4=,gwiBeKde3VNyIX7PxsbubS3Zpkw=
15,102,7/v4OneEKnZRJPfZYqUulupjCH4=,gwiBeKde3VNyIX7PxsbubS3Zpkw=
2,99,7/v4OneEKnZRJPfZYqUulupjCH4=,gwiBeKde3VNyIX7PxsbubS3Zpkw=
8,104,7/v4OneEKnZRJPfZYqUulupjCH4=,gwiBeKde3VNyIX7PxsbubS3Zpkw=
3,97,7/v4OneEKnZRJPfZYqUulupjCH4=,gwiBeKde3VNyIX7PxsbubS3Zpkw=
1,101,7/v4OneEKnZRJPfZYqUulupjCH4=,gwiBeKde3VNyIX7PxsbubS3Zpkw=
2,101,7/v4OneEKnZRJPfZYqUulupjCH4=,gwiBeKde3VNyIX7PxsbubS3Zpkw=
1,103,7/v4OneEKnZRJPfZYqUulupjCH4=,gwiBeKde3VNyIX7PxsbubS3Zpkw=
1,104,7/v4OneEKnZRJPfZYqUulupjCH4=,gwiBeKde3VNyIX7PxsbubS3Zpkw=
14,102,7/v4OneEKnZRJPfZYqUulupjCH4=,gwiBeKde3VNyIX7PxsbubS3Zpkw=
7,103,7/v4OneEKnZRJPfZYqUulupjCH4=,gwiBeKde3VNyIX7PxsbubS3Zpkw=
4,103,7/v4OneEKnZRJPfZYqUulupjCH4=,gwiBeKde3VNyIX7PxsbubS3Zpkw=
8,96,7/v4OneEKnZRJPfZYqUulupjCH4=,gwiBeKde3VNyIX7PxsbubS3Zpkw=
1,99,7/v4OneEKnZRJPfZYqUulupjCH4=,gwiBeKde3VNyIX7PxsbubS3Zpkw=
5,103,7/v4OneEKnZRJPfZYqUulupjCH4=,gwiBeKde3VNyIX7PxsbubS3Zpkw=
9,102,7/v4OneEKnZRJPfZYqUulupjCH4=,gwiBeKde3VNyIX7PxsbubS3Zpkw=
3,103,7/v4OneEKnZRJPfZYqUulupjCH4=,gwiBeKde3VNyIX7PxsbubS3Zpkw=
7,102,7/v4OneEKnZRJPfZYqUulupjCH4=,gwiBeKde3VNyIX7PxsbubS3Zpkw=
3,101,7/v4OneEKnZRJPfZYqUulupjCH4=,gwiBeKde3VNyIX7PxsbubS3Zpkw=
13,102,7/v4OneEKnZRJPfZYqUulupjCH4=,gwiBeKde3VNyIX7PxsbubS3Zpkw=
8,102,7/v4OneEKnZRJPfZYqUulupjCH4=,gwiBeKde3VNyIX7PxsbubS3Zpkw=
10,102,7/v4OneEKnZRJPfZYqUulupjCH4=,gwiBeKde3VNyIX7PxsbubS3Zpkw=
11,102,7/v4OneEKnZRJPfZYqUulupjCH4=,gwiBeKde3VNyIX7PxsbubS3Zpkw=
1,102,7/v4OneEKnZRJPfZYqUulupjCH4=,gwiBeKde3VNyIX7PxsbubS3Zpkw=
0,102,7/v4OneEKnZRJPfZYqUulupjCH4=,gwiBeKde3VNyIX7PxsbubS3Zpkw=
2,102,7/v4OneEKnZRJPfZYqUulupjCH4=,gwiBeKde3VNyIX7PxsbubS3Zpkw=
15,101,7/v4OneEKnZRJPfZYqUulupjCH4=,gwiBeKde3VNyIX7PxsbubS3Zpkw=
13,101,7/v4OneEKnZRJPfZYqUulupjCH4=,gwiBeKde3VNyIX7PxsbubS3Zpkw=
0,103,7/v4OneEKnZRJPfZYqUulupjCH4=,gwiBeKde3VNyIX7PxsbubS3Zpkw=
7,96,7/v4OneEKnZRJPfZYqUulupjCH4=,gwiBeKde3VNyIX7PxsbubS3Zpkw=
14,101,7/v4OneEKnZRJPfZYqUulupjCH4=,gwiBeKde3VNyIX7PxsbubS3Zpkw=
3,102,7/v4OneEKnZRJPfZYqUulupjCH4=,gwiBeKde3VNyIX7PxsbubS3Zpkw=
6,103,7/v4OneEKnZRJPfZYqUulupjCH4=,gwiBeKde3VNyIX7PxsbubS3Zpkw=
0,99,7/v4OneEKnZRJPfZYqUulupjCH4=,gwiBeKde3VNyIX7PxsbubS3Zpkw=
5,97,7/v4OneEKnZRJPfZYqUulupjCH4=,gwiBeKde3VNyIX7PxsbubS3Zpkw=
10,101,7/v4OneEKnZRJPfZYqUulupjCH4=,gwiBeKde3VNyIX7PxsbubS3Zpkw=
5,102,7/v4OneEKnZRJPfZYqUulupjCH4=,gwiBeKde3VNyIX7PxsbubS3Zpkw=
7,101,7/v4OneEKnZRJPfZYqUulupjCH4=,gwiBeKde3VNyIX7PxsbubS3Zpkw=
4,102,7/v4OneEKnZRJPfZYqUulupjCH4=,gwiBeKde3VNyIX7PxsbubS3Zpkw=
12,102,7/v4OneEKnZRJPfZYqUulupjCH4=,gwiBeKde3VNyIX7PxsbubS3Zpkw=
8,101,7/v4OneEKnZRJPfZYqUulupjCH4=,gwiBeKde3VNyIX7PxsbubS3Zpkw=
6,101,7/v4OneEKnZRJPfZYqUulupjCH4=,gwiBeKde3VNyIX7PxsbubS3Zpkw=
11,101,7/v4OneEKnZRJPfZYqUulupjCH4=,gwiBeKde3VNyIX7PxsbubS3Zpkw=
4,101,7/v4OneEKnZRJPfZYqUulupjCH4=,gwiBeKde3VNyIX7PxsbubS3Zpkw=
4,97,7/v4OneEKnZRJPfZYqUulupjCH4=,gwiBeKde3VNyIX7PxsbubS3Zpkw=
9,101,7/v4OneEKnZRJPfZYqUulupjCH4=,gwiBeKde3VNyIX7PxsbubS3Zpkw=
12,101,7/v4OneEKnZRJPfZYqUulupjCH4=,gwiBeKde3VNyIX7PxsbubS3Zpkw=
6,102,7/v4OneEKnZRJPfZYqUulupjCH4=,gwiBeKde3VNyIX7PxsbubS3Zpkw=
5,101,7/v4OneEKnZRJPfZYqUulupjCH4=,gwiBeKde3VNyIX7PxsbubS3Zpkw=
4,107,7/v4OneEKnZRJPfZYqUulupjCH4=,gwiBeKde3VNyIX7PxsbubS3Zpkw=
15,127,Bp/oKx9EsdcO8tRxmfrCXhekT6A=,4OutQgebzKpW7jhaafQ58XzG/mA=
14,114,Bp/oKx9EsdcO8tRxmfrCXhekT6A=,4OutQgebzKpW7jhaafQ58XzG/mA=
15,114,Bp/oKx9EsdcO8tRxmfrCXhekT6A=,4OutQgebzKpW7jhaafQ58XzG/mA=
14,127,Bp/oKx9EsdcO8tRxmfrCXhekT6A=,4OutQgebzKpW7jhaafQ58XzG/mA=
13,127,Bp/oKx9EsdcO8tRxmfrCXhekT6A=,4OutQgebzKpW7jhaafQ58XzG/mA=
11,127,Bp/oKx9EsdcO8tRxmfrCXhekT6A=,4OutQgebzKpW7jhaafQ58XzG/mA=
10,127,Bp/oKx9EsdcO8tRxmfrCXhekT6A=,4OutQgebzKpW7jhaafQ58XzG/mA=
12,127,Bp/oKx9EsdcO8tRxmfrCXhekT6A=,4OutQgebzKpW7jhaafQ58XzG/mA=
9,127,Bp/oKx9EsdcO8tRxmfrCXhekT6A=,4OutQgebzKpW7jhaafQ58XzG/mA=
8,127,Bp/oKx9EsdcO8tRxmfrCXhekT6A=,4OutQgebzKpW7jhaafQ58XzG/mA=
7,127,Bp/oKx9EsdcO8tRxmfrCXhekT6A=,4OutQgebzKpW7jhaafQ58XzG/mA=
6,127,Bp/oKx9EsdcO8tRxmfrCXhekT6A=,4OutQgebzKpW7jhaafQ58XzG/mA=
5,127,Bp/oKx9EsdcO8tRxmfrCXhekT6A=,4OutQgebzKpW7jhaafQ58XzG/mA=
0,115,Bp/oKx9EsdcO8tRxmfrCXhekT6A=,4OutQgebzKpW7jhaafQ58XzG/mA=
13,114,Bp/oKx9EsdcO8tRxmfrCXhekT6A=,4OutQgebzKpW7jhaafQ58XzG/mA=
4,127,Bp/oKx9EsdcO8tRxmfrCXhekT6A=,4OutQgebzKpW7jhaafQ58XzG/mA=
1,115,Bp/oKx9EsdcO8tRxmfrCXhekT6A=,4OutQgebzKpW7jhaafQ58XzG/mA=
3,112,Bp/oKx9EsdcO8tRxmfrCXhekT6A=,4OutQgebzKpW7jhaafQ58XzG/mA=
14,113,Bp/oKx9EsdcO8tRxmfrCXhekT6A=,4OutQgebzKpW7jhaafQ58XzG/mA=
13,113,Bp/oKx9EsdcO8tRxmfrCXhekT6A=,4OutQgebzKpW7jhaafQ58XzG/mA=
12,113,Bp/oKx9EsdcO8tRxmfrCXhekT6A=,4OutQgebzKpW7jhaafQ58XzG/mA=
0,127,Bp/oKx9EsdcO8tRxmfrCXhekT6A=,4OutQgebzKpW7jhaafQ58XzG/mA=
15,126,Bp/oKx9EsdcO8tRxmfrCXhekT6A=,4OutQgebzKpW7jhaafQ58XzG/mA=
11,113,Bp/oKx9EsdcO8tRxmfrCXhekT6A=,4OutQgebzKpW7jhaafQ58XzG/mA=
8,113,Bp/oKx9EsdcO8tRxmfrCXhekT6A=,4OutQgebzKpW7jhaafQ58XzG/mA=
9,113,Bp/oKx9EsdcO8tRxmfrCXhekT6A=,4OutQgebzKpW7jhaafQ58XzG/mA=
10,113,Bp/oKx9EsdcO8tRxmfrCXhekT6A=,4OutQgebzKpW7jhaafQ58XzG/mA=
15,113,Bp/oKx9EsdcO8tRxmfrCXhekT6A=,4OutQgebzKpW7jhaafQ58XzG/mA=
2,115,Bp/oKx9EsdcO8tRxmfrCXhekT6A=,4OutQgebzKpW7jhaafQ58XzG/mA=
1,113,Bp/oKx9EsdcO8tRxmfrCXhekT6A=,4OutQgebzKpW7jhaafQ58XzG/mA=
3,127,Bp/oKx9EsdcO8tRxmfrCXhekT6A=,4OutQgebzKpW7jhaafQ58XzG/mA=
7,113,Bp/oKx9EsdcO8tRxmfrCXhekT6A=,4OutQgebzKpW7jhaafQ58XzG/mA=
2,127,Bp/oKx9EsdcO8tRxmfrCXhekT6A=,4OutQgebzKpW7jhaafQ58XzG/mA=
1,127,Bp/oKx9EsdcO8tRxmfrCXhekT6A=,4OutQgebzKpW7jhaafQ58XzG/mA=
0,114,Bp/oKx9EsdcO8tRxmfrCXhekT6A=,4OutQgebzKpW7jhaafQ58XzG/mA=
3,113,Bp/oKx9EsdcO8tRxmfrCXhekT6A=,4OutQgebzKpW7jhaafQ58XzG/mA=
14,126,Bp/oKx9EsdcO8tRxmfrCXhekT6A=,4OutQgebzKpW7jhaafQ58XzG/mA=
12,114,Bp/oKx9EsdcO8tRxmfrCXhekT6A=,4OutQgebzKpW7jhaafQ58XzG/mA=
13,126,Bp/oKx9EsdcO8tRxmfrCXhekT6A=,4OutQgebzKpW7jhaafQ58XzG/mA=
12,126,Bp/oKx9EsdcO8tRxmfrCXhekT6A=,4OutQgebzKpW7jhaafQ58XzG/mA=
11,126,Bp/oKx9EsdcO8tRxmfrCXhekT6A=,4OutQgebzKpW7jhaafQ58XzG/mA=
10,126,Bp/oKx9EsdcO8tRxmfrCXhekT6A=,4OutQgebzKpW7jhaafQ58XzG/mA=
8,126,Bp/oKx9EsdcO8tRxmfrCXhekT6A=,4OutQgebzKpW7jhaafQ58XzG/mA=
9,126,Bp/oKx9EsdcO8tRxmfrCXhekT6A=,4OutQgebzKpW7jhaafQ58XzG/mA=
7,126,Bp/oKx9EsdcO8tRxmfrCXhekT6A=,4OutQgebzKpW7jhaafQ58XzG/mA=
6,126,Bp/oKx9EsdcO8tRxmfrCXhekT6A=,4OutQgebzKpW7jhaafQ58XzG/mA=
4,113,Bp/oKx9EsdcO8tRxmfrCXhekT6A=,4OutQgebzKpW7jhaafQ58XzG/mA=
5,126,Bp/oKx9EsdcO8tRxmfrCXhekT6A=,4OutQgebzKpW7jhaafQ58XzG/mA=
4,126,Bp/oKx9EsdcO8tRxmfrCXhekT6A=,4OutQgebzKpW7jhaafQ58XzG/mA=
2,113,Bp/oKx9EsdcO8tRxmfrCXhekT6A=,4OutQgebzKpW7jhaafQ58XzG/mA=
2,112,Bp/oKx9EsdcO8tRxmfrCXhekT6A=,4OutQgebzKpW7jhaafQ58XzG/mA=
15,125,Bp/oKx9EsdcO8tRxmfrCXhekT6A=,4OutQgebzKpW7jhaafQ58XzG/mA=
5,113,Bp/oKx9EsdcO8tRxmfrCXhekT6A=,4OutQgebzKpW7jhaafQ58XzG/mA=
0,126,Bp/oKx9EsdcO8tRxmfrCXhekT6A=,4OutQgebzKpW7jhaafQ58XzG/mA=
14,125,Bp/oKx9EsdcO8tRxmfrCXhekT6A=,4OutQgebzKpW7jhaafQ58XzG/mA=
13,125,Bp/oKx9EsdcO8tRxmfrCXhekT6A=,4OutQgebzKpW7jhaafQ58XzG/mA=
11,114,Bp/oKx9EsdcO8tRxmfrCXhekT6A=,4OutQgebzKpW7jhaafQ58XzG/mA=
12,125,Bp/oKx9EsdcO8tRxmfrCXhekT6A=,4OutQgebzKpW7jhaafQ58XzG/mA=
6,113,Bp/oKx9EsdcO8tRxmfrCXhekT6A=,4OutQgebzKpW7jhaafQ58XzG/mA=
11,125,Bp/oKx9EsdcO8tRxmfrCXhekT6A=,4OutQgebzKpW7jhaafQ58XzG/mA=
10,125,Bp/oKx9EsdcO8tRxmfrCXhekT6A=,4OutQgebzKpW7jhaafQ58XzG/mA=
9,125,Bp/oKx9EsdcO8tRxmfrCXhekT6A=,4OutQgebzKpW7jhaafQ58XzG/mA=
8,125,Bp/oKx9EsdcO8tRxmfrCXhekT6A=,4OutQgebzKpW7jhaafQ58XzG/mA=
7,125,Bp/oKx9EsdcO8tRxmfrCXhekT6A=,4OutQgebzKpW7jhaafQ58XzG/mA=
6,125,Bp/oKx9EsdcO8tRxmfrCXhekT6A=,4OutQgebzKpW7jhaafQ58XzG/mA=
1,126,Bp/oKx9EsdcO8tRxmfrCXhekT6A=,4OutQgebzKpW7jhaafQ58XzG/mA=
4,112,Bp/oKx9EsdcO8tRxmfrCXhekT6A=,4OutQgebzKpW7jhaafQ58XzG/mA=
3,126,Bp/oKx9EsdcO8tRxmfrCXhekT6A=,4OutQgebzKpW7jhaafQ58XzG/mA=
15,112,Bp/oKx9EsdcO8tRxmfrCXhekT6A=,4OutQgebzKpW7jhaafQ58XzG/mA=
0,113,Bp/oKx9EsdcO8tRxmfrCXhekT6A=,4OutQgebzKpW7jhaafQ58XzG/mA=
1,125,Bp/oKx9EsdcO8tRxmfrCXhekT6A=,4OutQgebzKpW7jhaafQ58XzG/mA=
5,125,Bp/oKx9EsdcO8tRxmfrCXhekT6A=,4OutQgebzKpW7jhaafQ58XzG/mA=
0,125,Bp/oKx9EsdcO8tRxmfrCXhekT6A=,4OutQgebzKpW7jhaafQ58XzG/mA=
14,124,Bp/oKx9EsdcO8tRxmfrCXhekT6A=,4OutQgebzKpW7jhaafQ58XzG/mA=
13,124,Bp/oKx9EsdcO8tRxmfrCXhekT6A=,4OutQgebzKpW7jhaafQ58XzG/mA=
15,124,Bp/oKx9EsdcO8tRxmfrCXhekT6A=,4OutQgebzKpW7jhaafQ58XzG/mA=
12,124,Bp/oKx9EsdcO8tRxmfrCXhekT6A=,4OutQgebzKpW7jhaafQ58XzG/mA=
10,114,Bp/oKx9EsdcO8tRxmfrCXhekT6A=,4OutQgebzKpW7jhaafQ58XzG/mA=
1,112,Bp/oKx9EsdcO8tRxmfrCXhekT6A=,4OutQgebzKpW7jhaafQ58XzG/mA=
11,124,Bp/oKx9EsdcO8tRxmfrCXhekT6A=,4OutQgebzKpW7jhaafQ58XzG/mA=
10,124,Bp/oKx9EsdcO8tRxmfrCXhekT6A=,4OutQgebzKpW7jhaafQ58XzG/mA=
6,124,Bp/oKx9EsdcO8tRxmfrCXhekT6A=,4OutQgebzKpW7jhaafQ58XzG/mA=
2,126,Bp/oKx9EsdcO8tRxmfrCXhekT6A=,4OutQgebzKpW7jhaafQ58XzG/mA=
2,125,Bp/oKx9EsdcO8tRxmfrCXhekT6A=,4OutQgebzKpW7jhaafQ58XzG/mA=
14,112,Bp/oKx9EsdcO8tRxmfrCXhekT6A=,4OutQgebzKpW7jhaafQ58XzG/mA=
1,124,Bp/oKx9EsdcO8tRxmfrCXhekT6A=,4OutQgebzKpW7jhaafQ58XzG/mA=
4,115,Bp/oKx9EsdcO8tRxmfrCXhekT6A=,4OutQgebzKpW7jhaafQ58XzG/mA=
9,124,Bp/oKx9EsdcO8tRxmfrCXhekT6A=,4OutQgebzKpW7jhaafQ58XzG/mA=
5,124,Bp/oKx9EsdcO8tRxmfrCXhekT6A=,4OutQgebzKpW7jhaafQ58XzG/mA=
0,124,Bp/oKx9EsdcO8tRxmfrCXhekT6A=,4OutQgebzKpW7jhaafQ58XzG/mA=
14,123,Bp/oKx9EsdcO8tRxmfrCXhekT6A=,4OutQgebzKpW7jhaafQ58XzG/mA=
7,124,Bp/oKx9EsdcO8tRxmfrCXhekT6A=,4OutQgebzKpW7jhaafQ58XzG/mA=
13,123,Bp/oKx9EsdcO8tRxmfrCXhekT6A=,4OutQgebzKpW7jhaafQ58XzG/mA=
15,123,Bp/oKx9EsdcO8tRxmfrCXhekT6A=,4OutQgebzKpW7jhaafQ58XzG/mA=
12,123,Bp/oKx9EsdcO8tRxmfrCXhekT6A=,4OutQgebzKpW7jhaafQ58XzG/mA=
11,123,Bp/oKx9EsdcO8tRxmfrCXhekT6A=,4OutQgebzKpW7jhaafQ58XzG/mA=
4,125,Bp/oKx9EsdcO8tRxmfrCXhekT6A=,4OutQgebzKpW7jhaafQ58XzG/mA=
10,123,Bp/oKx9EsdcO8tRxmfrCXhekT6A=,4OutQgebzKpW7jhaafQ58XzG/mA=
9,114,Bp/oKx9EsdcO8tRxmfrCXhekT6A=,4OutQgebzKpW7jhaafQ58XzG/mA=
3,115,Bp/oKx9EsdcO8tRxmfrCXhekT6A=,4OutQgebzKpW7jhaafQ58XzG/mA=
9,123,Bp/oKx9EsdcO8tRxmfrCXhekT6A=,4OutQgebzKpW7jhaafQ58XzG/mA=
8,124,Bp/oKx9EsdcO8tRxmfrCXhekT6A=,4OutQgebzKpW7jhaafQ58XzG/mA=
8,123,Bp/oKx9EsdcO8tRxmfrCXhekT6A=,4OutQgebzKpW7jhaafQ58XzG/mA=
3,125,Bp/oKx9EsdcO8tRxmfrCXhekT6A=,4OutQgebzKpW7jhaafQ58XzG/mA=
7,123,Bp/oKx9EsdcO8tRxmfrCXhekT6A=,4OutQgebzKpW7jhaafQ58XzG/mA=
5,115,Bp/oKx9EsdcO8tRxmfrCXhekT6A=,4OutQgebzKpW7jhaafQ58XzG/mA=
2,124,Bp/oKx9EsdcO8tRxmfrCXhekT6A=,4OutQgebzKpW7jhaafQ58XzG/mA=
5,123,Bp/oKx9EsdcO8tRxmfrCXhekT6A=,4OutQgebzKpW7jhaafQ58XzG/mA=
4,124,Bp/oKx9EsdcO8tRxmfrCXhekT6A=,4OutQgebzKpW7jhaafQ58XzG/mA=
1,123,Bp/oKx9EsdcO8tRxmfrCXhekT6A=,4OutQgebzKpW7jhaafQ58XzG/mA=
3,124,Bp/oKx9EsdcO8tRxmfrCXhekT6A=,4OutQgebzKpW7jhaafQ58XzG/mA=
0,123,Bp/oKx9EsdcO8tRxmfrCXhekT6A=,4OutQgebzKpW7jhaafQ58XzG/mA=
15,122,Bp/oKx9EsdcO8tRxmfrCXhekT6A=,4OutQgebzKpW7jhaafQ58XzG/mA=
14,122,Bp/oKx9EsdcO8tRxmfrCXhekT6A=,4OutQgebzKpW7jhaafQ58XzG/mA=
13,122,Bp/oKx9EsdcO8tRxmfrCXhekT6A=,4OutQgebzKpW7jhaafQ58XzG/mA=
12,122,Bp/oKx9EsdcO8tRxmfrCXhekT6A=,4OutQgebzKpW7jhaafQ58XzG/mA=
11,122,Bp/oKx9EsdcO8tRxmfrCXhekT6A=,4OutQgebzKpW7jhaafQ58XzG/mA=
10,122,Bp/oKx9EsdcO8tRxmfrCXhekT6A=,4OutQgebzKpW7jhaafQ58XzG/mA=
12,112,Bp/oKx9EsdcO8tRxmfrCXhekT6A=,4OutQgebzKpW7jhaafQ58XzG/mA=
3,123,Bp/oKx9EsdcO8tRxmfrCXhekT6A=,4OutQgebzKpW7jhaafQ58XzG/mA=
9,122,Bp/oKx9EsdcO8tRxmfrCXhekT6A=,4OutQgebzKpW7jhaafQ58XzG/mA=
6,115,Bp/oKx9EsdcO8tRxmfrCXhekT6A=,4OutQgebzKpW7jhaafQ58XzG/mA=
4,123,Bp/oKx9EsdcO8tRxmfrCXhekT6A=,4OutQgebzKpW7jhaafQ58XzG/mA=
7,115,Bp/oKx9EsdcO8tRxmfrCXhekT6A=,4OutQgebzKpW7jhaafQ58XzG/mA=
2,123,Bp/oKx9EsdcO8tRxmfrCXhekT6A=,4OutQgebzKpW7jhaafQ58XzG/mA=
7,122,Bp/oKx9EsdcO8tRxmfrCXhekT6A=,4OutQgebzKpW7jhaafQ58XzG/mA=
0,122,Bp/oKx9EsdcO8tRxmfrCXhekT6A=,4OutQgebzKpW7jhaafQ58XzG/mA=
8,122,Bp/oKx9EsdcO8tRxmfrCXhekT6A=,4OutQgebzKpW7jhaafQ58XzG/mA=
14,121,Bp/oKx9EsdcO8tRxmfrCXhekT6A=,4OutQgebzKpW7jhaafQ58XzG/mA=
15,121,Bp/oKx9EsdcO8tRxmfrCXhekT6A=,4OutQgebzKpW7jhaafQ58XzG/mA=
12,121,Bp/oKx9EsdcO8tRxmfrCXhekT6A=,4OutQgebzKpW7jhaafQ58XzG/mA=
13,121,Bp/oKx9EsdcO8tRxmfrCXhekT6A=,4OutQgebzKpW7jhaafQ58XzG/mA=
10,121,Bp/oKx9EsdcO8tRxmfrCXhekT6A=,4OutQgebzKpW7jhaafQ58XzG/mA=
11,121,Bp/oKx9EsdcO8tRxmfrCXhekT6A=,4OutQgebzKpW7jhaafQ58XzG/mA=
0,112,Bp/oKx9EsdcO8tRxmfrCXhekT6A=,4OutQgebzKpW7jhaafQ58XzG/mA=
3,122,Bp/oKx9EsdcO8tRxmfrCXhekT6A=,4OutQgebzKpW7jhaafQ58XzG/mA=
4,122,Bp/oKx9EsdcO8tRxmfrCXhekT6A=,4OutQgebzKpW7jhaafQ58XzG/mA=
9,121,Bp/oKx9EsdcO8tRxmfrCXhekT6A=,4OutQgebzKpW7jhaafQ58XzG/mA=
13,112,Bp/oKx9EsdcO8tRxmfrCXhekT6A=,4OutQgebzKpW7jhaafQ58XzG/mA=
1,122,Bp/oKx9EsdcO8tRxmfrCXhekT6A=,4OutQgebzKpW7jhaafQ58XzG/mA=
8,121,Bp/oKx9EsdcO8tRxmfrCXhekT6A=,4OutQgebzKpW7jhaafQ58XzG/mA=
11,112,Bp/oKx9EsdcO8tRxmfrCXhekT6A=,4OutQgebzKpW7jhaafQ58XzG/mA=
8,115,Bp/oKx9EsdcO8tRxmfrCXhekT6A=,4OutQgebzKpW7jhaafQ58XzG/mA=
9,115,Bp/oKx9EsdcO8tRxmfrCXhekT6A=,4OutQgebzKpW7jhaafQ58XzG/mA=
10,115,Bp/oKx9EsdcO8tRxmfrCXhekT6A=,4OutQgebzKpW7jhaafQ58XzG/mA=
11,115,Bp/oKx9EsdcO8tRxmfrCXhekT6A=,4OutQgebzKpW7jhaafQ58XzG/mA=
12,115,Bp/oKx9EsdcO8tRxmfrCXhekT6A=,4OutQgebzKpW7jhaafQ58XzG/mA=
6,123,Bp/oKx9EsdcO8tRxmfrCXhekT6A=,4OutQgebzKpW7jhaafQ58XzG/mA=
13,115,Bp/oKx9EsdcO8tRxmfrCXhekT6A=,4OutQgebzKpW7jhaafQ58XzG/mA=
14,115,Bp/oKx9EsdcO8tRxmfrCXhekT6A=,4OutQgebzKpW7jhaafQ58XzG/mA=
15,115,Bp/oKx9EsdcO8tRxmfrCXhekT6A=,4OutQgebzKpW7jhaafQ58XzG/mA=
5,122,Bp/oKx9EsdcO8tRxmfrCXhekT6A=,4OutQgebzKpW7jhaafQ58XzG/mA=
6,122,Bp/oKx9EsdcO8tRxmfrCXhekT6A=,4OutQgebzKpW7jhaafQ58XzG/mA=
7,121,Bp/oKx9EsdcO8tRxmfrCXhekT6A=,4OutQgebzKpW7jhaafQ58XzG/mA=
1,114,Bp/oKx9EsdcO8tRxmfrCXhekT6A=,4OutQgebzKpW7jhaafQ58XzG/mA=
8,114,Bp/oKx9EsdcO8tRxmfrCXhekT6A=,4OutQgebzKpW7jhaafQ58XzG/mA=
0,116,Bp/oKx9EsdcO8tRxmfrCXhekT6A=,4OutQgebzKpW7jhaafQ58XzG/mA=
4,121,Bp/oKx9EsdcO8tRxmfrCXhekT6A=,4OutQgebzKpW7jhaafQ58XzG/mA=
2,121,Bp/oKx9EsdcO8tRxmfrCXhekT6A=,4OutQgebzKpW7jhaafQ58XzG/mA=
0,121,Bp/oKx9EsdcO8tRxmfrCXhekT6A=,4OutQgebzKpW7jhaafQ58XzG/mA=
2,122,Bp/oKx9EsdcO8tRxmfrCXhekT6A=,4OutQgebzKpW7jhaafQ58XzG/mA=
1,116,Bp/oKx9EsdcO8tRxmfrCXhekT6A=,4OutQgebzKpW7jhaafQ58XzG/mA=
15,120,Bp/oKx9EsdcO8tRxmfrCXhekT6A=,4OutQgebzKpW7jhaafQ58XzG/mA=
14,120,Bp/oKx9EsdcO8tRxmfrCXhekT6A=,4OutQgebzKpW7jhaafQ58XzG/mA=
13,120,Bp/oKx9EsdcO8tRxmfrCXhekT6A=,4OutQgebzKpW7jhaafQ58XzG/mA=
12,120,Bp/oKx9EsdcO8tRxmfrCXhekT6A=,4OutQgebzKpW7jhaafQ58XzG/mA=
6,121,Bp/oKx9EsdcO8tRxmfrCXhekT6A=,4OutQgebzKpW7jhaafQ58XzG/mA=
10,120,Bp/oKx9EsdcO8tRxmfrCXhekT6A=,4OutQgebzKpW7jhaafQ58XzG/mA=
11,120,Bp/oKx9EsdcO8tRxmfrCXhekT6A=,4OutQgebzKpW7jhaafQ58XzG/mA=
9,120,Bp/oKx9EsdcO8tRxmfrCXhekT6A=,4OutQgebzKpW7jhaafQ58XzG/mA=
7,114,Bp/oKx9EsdcO8tRxmfrCXhekT6A=,4OutQgebzKpW7jhaafQ58XzG/mA=
5,121,Bp/oKx9EsdcO8tRxmfrCXhekT6A=,4OutQgebzKpW7jhaafQ58XzG/mA=
1,121,Bp/oKx9EsdcO8tRxmfrCXhekT6A=,4OutQgebzKpW7jhaafQ58XzG/mA=
3,121,Bp/oKx9EsdcO8tRxmfrCXhekT6A=,4OutQgebzKpW7jhaafQ58XzG/mA=
2,116,Bp/oKx9EsdcO8tRxmfrCXhekT6A=,4OutQgebzKpW7jhaafQ58XzG/mA=
8,120,Bp/oKx9EsdcO8tRxmfrCXhekT6A=,4OutQgebzKpW7jhaafQ58XzG/mA=
7,120,Bp/oKx9EsdcO8tRxmfrCXhekT6A=,4OutQgebzKpW7jhaafQ58XzG/mA=
10,112,Bp/oKx9EsdcO8tRxmfrCXhekT6A=,4OutQgebzKpW7jhaafQ58XzG/mA=
5,120,Bp/oKx9EsdcO8tRxmfrCXhekT6A=,4OutQgebzKpW7jhaafQ58XzG/mA=
6,120,Bp/oKx9EsdcO8tRxmfrCXhekT6A=,4OutQgebzKpW7jhaafQ58XzG/mA=
0,120,Bp/oKx9EsdcO8tRxmfrCXhekT6A=,4OutQgebzKpW7jhaafQ58XzG/mA=
15,119,Bp/oKx9EsdcO8tRxmfrCXhekT6A=,4OutQgebzKpW7jhaafQ58XzG/mA=
14,119,Bp/oKx9EsdcO8tRxmfrCXhekT6A=,4OutQgebzKpW7jhaafQ58XzG/mA=
12,119,Bp/oKx9EsdcO8tRxmfrCXhekT6A=,4OutQgebzKpW7jhaafQ58XzG/mA=
11,119,Bp/oKx9EsdcO8tRxmfrCXhekT6A=,4OutQgebzKpW7jhaafQ58XzG/mA=
13,119,Bp/oKx9EsdcO8tRxmfrCXhekT6A=,4OutQgebzKpW7jhaafQ58XzG/mA=
10,119,Bp/oKx9EsdcO8tRxmfrCXhekT6A=,4OutQgebzKpW7jhaafQ58XzG/mA=
4,120,Bp/oKx9EsdcO8tRxmfrCXhekT6A=,4OutQgebzKpW7jhaafQ58XzG/mA=
3,116,Bp/oKx9EsdcO8tRxmfrCXhekT6A=,4OutQgebzKpW7jhaafQ58XzG/mA=
1,120,Bp/oKx9EsdcO8tRxmfrCXhekT6A=,4OutQgebzKpW7jhaafQ58XzG/mA=
2,120,Bp/oKx9EsdcO8tRxmfrCXhekT6A=,4OutQgebzKpW7jhaafQ58XzG/mA=
9,112,Bp/oKx9EsdcO8tRxmfrCXhekT6A=,4OutQgebzKpW7jhaafQ58XzG/mA=
6,114,Bp/oKx9EsdcO8tRxmfrCXhekT6A=,4OutQgebzKpW7jhaafQ58XzG/mA=
9,119,Bp/oKx9EsdcO8tRxmfrCXhekT6A=,4OutQgebzKpW7jhaafQ58XzG/mA=
3,120,Bp/oKx9EsdcO8tRxmfrCXhekT6A=,4OutQgebzKpW7jhaafQ58XzG/mA=
5,114,Bp/oKx9EsdcO8tRxmfrCXhekT6A=,4OutQgebzKpW7jhaafQ58XzG/mA=
8,119,Bp/oKx9EsdcO8tRxmfrCXhekT6A=,4OutQgebzKpW7jhaafQ58XzG/mA=
2,114,Bp/oKx9EsdcO8tRxmfrCXhekT6A=,4OutQgebzKpW7jhaafQ58XzG/mA=
5,119,Bp/oKx9EsdcO8tRxmfrCXhekT6A=,4OutQgebzKpW7jhaafQ58XzG/mA=
1,119,Bp/oKx9EsdcO8tRxmfrCXhekT6A=,4OutQgebzKpW7jhaafQ58XzG/mA=
6,119,Bp/oKx9EsdcO8tRxmfrCXhekT6A=,4OutQgebzKpW7jhaafQ58XzG/mA=
15,118,Bp/oKx9EsdcO8tRxmfrCXhekT6A=,4OutQgebzKpW7jhaafQ58XzG/mA=
14,118,Bp/oKx9EsdcO8tRxmfrCXhekT6A=,4OutQgebzKpW7jhaafQ58XzG/mA=
13,118,Bp/oKx9EsdcO8tRxmfrCXhekT6A=,4OutQgebzKpW7jhaafQ58XzG/mA=
0,119,Bp/oKx9EsdcO8tRxmfrCXhekT6A=,4OutQgebzKpW7jhaafQ58XzG/mA=
11,118,Bp/oKx9EsdcO8tRxmfrCXhekT6A=,4OutQgebzKpW7jhaafQ58XzG/mA=
12,118,Bp/oKx9EsdcO8tRxmfrCXhekT6A=,4OutQgebzKpW7jhaafQ58XzG/mA=
4,119,Bp/oKx9EsdcO8tRxmfrCXhekT6A=,4OutQgebzKpW7jhaafQ58XzG/mA=
2,119,Bp/oKx9EsdcO8tRxmfrCXhekT6A=,4OutQgebzKpW7jhaafQ58XzG/mA=
10,118,Bp/oKx9EsdcO8tRxmfrCXhekT6A=,4OutQgebzKpW7jhaafQ58XzG/mA=
7,119,Bp/oKx9EsdcO8tRxmfrCXhekT6A=,4OutQgebzKpW7jhaafQ58XzG/mA=
5,112,Bp/oKx9EsdcO8tRxmfrCXhekT6A=,4OutQgebzKpW7jhaafQ58XzG/mA=
8,112,Bp/oKx9EsdcO8tRxmfrCXhekT6A=,4OutQgebzKpW7jhaafQ58XzG/mA=
4,114,Bp/oKx9EsdcO8tRxmfrCXhekT6A=,4OutQgebzKpW7jhaafQ58XzG/mA=
4,116,Bp/oKx9EsdcO8tRxmfrCXhekT6A=,4OutQgebzKpW7jhaafQ58XzG/mA=
5,116,Bp/oKx9EsdcO8tRxmfrCXhekT6A=,4OutQgebzKpW7jhaafQ58XzG/mA=
9,118,Bp/oKx9EsdcO8tRxmfrCXhekT6A=,4OutQgebzKpW7jhaafQ58XzG/mA=
5,118,Bp/oKx9EsdcO8tRxmfrCXhekT6A=,4OutQgebzKpW7jhaafQ58XzG/mA=
8,118,Bp/oKx9EsdcO8tRxmfrCXhekT6A=,4OutQgebzKpW7jhaafQ58XzG/mA=
7,118,Bp/oKx9EsdcO8tRxmfrCXhekT6A=,4OutQgebzKpW7jhaafQ58XzG/mA=
0,118,Bp/oKx9EsdcO8tRxmfrCXhekT6A=,4OutQgebzKpW7jhaafQ58XzG/mA=
12,117,Bp/oKx9EsdcO8tRxmfrCXhekT6A=,4OutQgebzKpW7jhaafQ58XzG/mA=
3,119,Bp/oKx9EsdcO8tRxmfrCXhekT6A=,4OutQgebzKpW7jhaafQ58XzG/mA=
14,117,Bp/oKx9EsdcO8tRxmfrCXhekT6A=,4OutQgebzKpW7jhaafQ58XzG/mA=
15,117,Bp/oKx9EsdcO8tRxmfrCXhekT6A=,4OutQgebzKpW7jhaafQ58XzG/mA=
13,117,Bp/oKx9EsdcO8tRxmfrCXhekT6A=,4OutQgebzKpW7jhaafQ58XzG/mA=
11,117,Bp/oKx9EsdcO8tRxmfrCXhekT6A=,4OutQgebzKpW7jhaafQ58XzG/mA=
10,117,Bp/oKx9EsdcO8tRxmfrCXhekT6A=,4OutQgebzKpW7jhaafQ58XzG/mA=
6,118,Bp/oKx9EsdcO8tRxmfrCXhekT6A=,4OutQgebzKpW7jhaafQ58XzG/mA=
1,118,Bp/oKx9EsdcO8tRxmfrCXhekT6A=,4OutQgebzKpW7jhaafQ58XzG/mA=
4,118,Bp/oKx9EsdcO8tRxmfrCXhekT6A=,4OutQgebzKpW7jhaafQ58XzG/mA=
3,118,Bp/oKx9EsdcO8tRxmfrCXhekT6A=,4OutQgebzKpW7jhaafQ58XzG/mA=
7,117,Bp/oKx9EsdcO8tRxmfrCXhekT6A=,4OutQgebzKpW7jhaafQ58XzG/mA=
6,116,Bp/oKx9EsdcO8tRxmfrCXhekT6A=,4OutQgebzKpW7jhaafQ58XzG/mA=
2,118,Bp/oKx9EsdcO8tRxmfrCXhekT6A=,4OutQgebzKpW7jhaafQ58XzG/mA=
8,117,Bp/oKx9EsdcO8tRxmfrCXhekT6A=,4OutQgebzKpW7jhaafQ58XzG/mA=
5,117,Bp/oKx9EsdcO8tRxmfrCXhekT6A=,4OutQgebzKpW7jhaafQ58XzG/mA=
7,112,Bp/oKx9EsdcO8tRxmfrCXhekT6A=,4OutQgebzKpW7jhaafQ58XzG/mA=
0,117,Bp/oKx9EsdcO8tRxmfrCXhekT6A=,4OutQgebzKpW7jhaafQ58XzG/mA=
9,117,Bp/oKx9EsdcO8tRxmfrCXhekT6A=,4OutQgebzKpW7jhaafQ58XzG/mA=
3,114,Bp/oKx9EsdcO8tRxmfrCXhekT6A=,4OutQgebzKpW7jhaafQ58XzG/mA=
15,116,Bp/oKx9EsdcO8tRxmfrCXhekT6A=,4OutQgebzKpW7jhaafQ58XzG/mA=
13,116,Bp/oKx9EsdcO8tRxmfrCXhekT6A=,4OutQgebzKpW7jhaafQ58XzG/mA=
14,116,Bp/oKx9EsdcO8tRxmfrCXhekT6A=,4OutQgebzKpW7jhaafQ58XzG/mA=
12,116,Bp/oKx9EsdcO8tRxmfrCXhekT6A=,4OutQgebzKpW7jhaafQ58XzG/mA=
11,116,Bp/oKx9EsdcO8tRxmfrCXhekT6A=,4OutQgebzKpW7jhaafQ58XzG/mA=
10,116,Bp/oKx9EsdcO8tRxmfrCXhekT6A=,4OutQgebzKpW7jhaafQ58XzG/mA=
9,116,Bp/oKx9EsdcO8tRxmfrCXhekT6A=,4OutQgebzKpW7jhaafQ58XzG/mA=
8,116,Bp/oKx9EsdcO8tRxmfrCXhekT6A=,4OutQgebzKpW7jhaafQ58XzG/mA=
4,117,Bp/oKx9EsdcO8tRxmfrCXhekT6A=,4OutQgebzKpW7jhaafQ58XzG/mA=
2,117,Bp/oKx9EsdcO8tRxmfrCXhekT6A=,4OutQgebzKpW7jhaafQ58XzG/mA=
1,117,Bp/oKx9EsdcO8tRxmfrCXhekT6A=,4OutQgebzKpW7jhaafQ58XzG/mA=
6,117,Bp/oKx9EsdcO8tRxmfrCXhekT6A=,4OutQgebzKpW7jhaafQ58XzG/mA=
3,117,Bp/oKx9EsdcO8tRxmfrCXhekT6A=,4OutQgebzKpW7jhaafQ58XzG/mA=
7,116,Bp/oKx9EsdcO8tRxmfrCXhekT6A=,4OutQgebzKpW7jhaafQ58XzG/mA=
6,112,Bp/oKx9EsdcO8tRxmfrCXhekT6A=,4OutQgebzKpW7jhaafQ58XzG/mA=
28,115,hgocsfQ9MeMnkCis7jmV4X4Tr7E=,i9zFLl0RR8U9/njQ6YZOW/z/p/8=
31,127,hgocsfQ9MeMnkCis7jmV4X4Tr7E=,i9zFLl0RR8U9/njQ6YZOW/z/p/8=
28,114,hgocsfQ9MeMnkCis7jmV4X4Tr7E=,i9zFLl0RR8U9/njQ6YZOW/z/p/8=
27,114,hgocsfQ9MeMnkCis7jmV4X4Tr7E=,i9zFLl0RR8U9/njQ6YZOW/z/p/8=
26,114,hgocsfQ9MeMnkCis7jmV4X4Tr7E=,i9zFLl0RR8U9/njQ6YZOW/z/p/8=
29,114,hgocsfQ9MeMnkCis7jmV4X4Tr7E=,i9zFLl0RR8U9/njQ6YZOW/z/p/8=
31,113,hgocsfQ9MeMnkCis7jmV4X4Tr7E=,i9zFLl0RR8U9/njQ6YZOW/z/p/8=
24,114,hgocsfQ9MeMnkCis7jmV4X4Tr7E=,i9zFLl0RR8U9/njQ6YZOW/z/p/8=
25,114,hgocsfQ9MeMnkCis7jmV4X4Tr7E=,i9zFLl0RR8U9/njQ6YZOW/z/p/8=
22,114,hgocsfQ9MeMnkCis7jmV4X4Tr7E=,i9zFLl0RR8U9/njQ6YZOW/z/p/8=
23,114,hgocsfQ9MeMnkCis7jmV4X4Tr7E=,i9zFLl0RR8U9/njQ6YZOW/z/p/8=
17,114,hgocsfQ9MeMnkCis7jmV4X4Tr7E=,i9zFLl0RR8U9/njQ6YZOW/z/p/8=
30,127,hgocsfQ9MeMnkCis7jmV4X4Tr7E=,i9zFLl0RR8U9/njQ6YZOW/z/p/8=
29,127,hgocsfQ9MeMnkCis7jmV4X4Tr7E=,i9zFLl0RR8U9/njQ6YZOW/z/p/8=
16,114,hgocsfQ9MeMnkCis7jmV4X4Tr7E=,i9zFLl0RR8U9/njQ6YZOW/z/p/8=
28,127,hgocsfQ9MeMnkCis7jmV4X4Tr7E=,i9zFLl0RR8U9/njQ6YZOW/z/p/8=
18,114,hgocsfQ9MeMnkCis7jmV4X4Tr7E=,i9zFLl0RR8U9/njQ6YZOW/z/p/8=
18,112,hgocsfQ9MeMnkCis7jmV4X4Tr7E=,i9zFLl0RR8U9/njQ6YZOW/z/p/8=
27,127,hgocsfQ9MeMnkCis7jmV4X4Tr7E=,i9zFLl0RR8U9/njQ6YZOW/z/p/8=
27,115,hgocsfQ9MeMnkCis7jmV4X4Tr7E=,i9zFLl0RR8U9/njQ6YZOW/z/p/8=
26,115,hgocsfQ9MeMnkCis7jmV4X4Tr7E=,i9zFLl0RR8U9/njQ6YZOW/z/p/8=
26,127,hgocsfQ9MeMnkCis7jmV4X4Tr7E=,i9zFLl0RR8U9/njQ6YZOW/z/p/8=
25,127,hgocsfQ9MeMnkCis7jmV4X4Tr7E=,i9zFLl0RR8U9/njQ6YZOW/z/p/8=
22,127,hgocsfQ9MeMnkCis7jmV4X4Tr7E=,i9zFLl0RR8U9/njQ6YZOW/z/p/8=
24,127,hgocsfQ9MeMnkCis7jmV4X4Tr7E=,i9zFLl0RR8U9/njQ6YZOW/z/p/8=
20,127,hgocsfQ9MeMnkCis7jmV4X4Tr7E=,i9zFLl0RR8U9/njQ6YZOW/z/p/8=
23,127,hgocsfQ9MeMnkCis7jmV4X4Tr7E=,i9zFLl0RR8U9/njQ6YZOW/z/p/8=
21,127,hgocsfQ9MeMnkCis7jmV4X4Tr7E=,i9zFLl0RR8U9/njQ6YZOW/z/p/8=
17,127,hgocsfQ9MeMnkCis7jmV4X4Tr7E=,i9zFLl0RR8U9/njQ6YZOW/z/p/8=
30,113,hgocsfQ9MeMnkCis7jmV4X4Tr7E=,i9zFLl0RR8U9/njQ6YZOW/z/p/8=
18,127,hgocsfQ9MeMnkCis7jmV4X4Tr7E=,i9zFLl0RR8U9/njQ6YZOW/z/p/8=
19,127,hgocsfQ9MeMnkCis7jmV4X4Tr7E=,i9zFLl0RR8U9/njQ6YZOW/z/p/8=
16,127,hgocsfQ9MeMnkCis7jmV4X4Tr7E=,i9zFLl0RR8U9/njQ6YZOW/z/p/8=
31,126,hgocsfQ9MeMnkCis7jmV4X4Tr7E=,i9zFLl0RR8U9/njQ6YZOW/z/p/8=
30,126,hgocsfQ9MeMnkCis7jmV4X4Tr7E=,i9zFLl0RR8U9/njQ6YZOW/z/p/8=
28,126,hgocsfQ9MeMnkCis7jmV4X4Tr7E=,i9zFLl0RR8U9/njQ6YZOW/z/p/8=
29,126,hgocsfQ9MeMnkCis7jmV4X4Tr7E=,i9zFLl0RR8U9/njQ6YZOW/z/p/8=
26,126,hgocsfQ9MeMnkCis7jmV4X4Tr7E=,i9zFLl0RR8U9/njQ6YZOW/z/p/8=
27,126,hgocsfQ9MeMnkCis7jmV4X4Tr7E=,i9zFLl0RR8U9/njQ6YZOW/z/p/8=
24,126,hgocsfQ9MeMnkCis7jmV4X4Tr7E=,i9zFLl0RR8U9/njQ6YZOW/z/p/8=
25,126,hgocsfQ9MeMnkCis7jmV4X4Tr7E=,i9zFLl0RR8U9/njQ6YZOW/z/p/8=
22,126,hgocsfQ9MeMnkCis7jmV4X4Tr7E=,i9zFLl0RR8U9/njQ6YZOW/z/p/8=
23,126,hgocsfQ9MeMnkCis7jmV4X4Tr7E=,i9zFLl0RR8U9/njQ6YZOW/z/p/8=
19,126,hgocsfQ9MeMnkCis7jmV4X4Tr7E=,i9zFLl0RR8U9/njQ6YZOW/z/p/8=
17,113,hgocsfQ9MeMnkCis7jmV4X4Tr7E=,i9zFLl0RR8U9/njQ6YZOW/z/p/8=
18,126,hgocsfQ9MeMnkCis7jmV4X4Tr7E=,i9zFLl0RR8U9/njQ6YZOW/z/p/8=
21,126,hgocsfQ9MeMnkCis7jmV4X4Tr7E=,i9zFLl0RR8U9/njQ6YZOW/z/p/8=
25,115,hgocsfQ9MeMnkCis7jmV4X4Tr7E=,i9zFLl0RR8U9/njQ6YZOW/z/p/8=
20,126,hgocsfQ9MeMnkCis7jmV4X4Tr7E=,i9zFLl0RR8U9/njQ6YZOW/z/p/8=
16,126,hgocsfQ9MeMnkCis7jmV4X4Tr7E=,i9zFLl0RR8U9/njQ6YZOW/z/p/8=
17,112,hgocsfQ9MeMnkCis7jmV4X4Tr7E=,i9zFLl0RR8U9/njQ6YZOW/z/p/8=
31,125,hgocsfQ9MeMnkCis7jmV4X4Tr7E=,i9zFLl0RR8U9/njQ6YZOW/z/p/8=
30,125,hgocsfQ9MeMnkCis7jmV4X4Tr7E=,i9zFLl0RR8U9/njQ6YZOW/z/p/8=
28,125,hgocsfQ9MeMnkCis7jmV4X4Tr7E=,i9zFLl0RR8U9/njQ6YZOW/z/p/8=
17,126,hgocsfQ9MeMnkCis7jmV4X4Tr7E=,i9zFLl0RR8U9/njQ6YZOW/z/p/8=
27,125,hgocsfQ9MeMnkCis7jmV4X4Tr7E=,i9zFLl0RR8U9/njQ6YZOW/z/p/8=
29,125,hgocsfQ9MeMnkCis7jmV4X4Tr7E=,i9zFLl0RR8U9/njQ6YZOW/z/p/8=
25,125,hgocsfQ9MeMnkCis7jmV4X4Tr7E=,i9zFLl0RR8U9/njQ6YZOW/z/p/8=
26,125,hgocsfQ9MeMnkCis7jmV4X4Tr7E=,i9zFLl0RR8U9/njQ6YZOW/z/p/8=
24,125,hgocsfQ9MeMnkCis7jmV4X4Tr7E=,i9zFLl0RR8U9/njQ6YZOW/z/p/8=
23,125,hgocsfQ9MeMnkCis7jmV4X4Tr7E=,i9zFLl0RR8U9/njQ6YZOW/z/p/8=
21,125,hgocsfQ9MeMnkCis7jmV4X4Tr7E=,i9zFLl0RR8U9/njQ6YZOW/z/p/8=
22,125,hgocsfQ9MeMnkCis7jmV4X4Tr7E=,i9zFLl0RR8U9/njQ6YZOW/z/p/8=
20,125,hgocsfQ9MeMnkCis7jmV4X4Tr7E=,i9zFLl0RR8U9/njQ6YZOW/z/p/8=
29,113,hgocsfQ9MeMnkCis7jmV4X4Tr7E=,i9zFLl0RR8U9/njQ6YZOW/z/p/8=
31,112,hgocsfQ9MeMnkCis7jmV4X4Tr7E=,i9zFLl0RR8U9/njQ6YZOW/z/p/8=
19,125,hgocsfQ9MeMnkCis7jmV4X4Tr7E=,i9zFLl0RR8U9/njQ6YZOW/z/p/8=
18,125,hgocsfQ9MeMnkCis7jmV4X4Tr7E=,i9zFLl0RR8U9/njQ6YZOW/z/p/8=
21,114,hgocsfQ9MeMnkCis7jmV4X4Tr7E=,i9zFLl0RR8U9/njQ6YZOW/z/p/8=
28,113,hgocsfQ9MeMnkCis7jmV4X4Tr7E=,i9zFLl0RR8U9/njQ6YZOW/z/p/8=
16,125,hgocsfQ9MeMnkCis7jmV4X4Tr7E=,i9zFLl0RR8U9/njQ6YZOW/z/p/8=
17,125,hgocsfQ9MeMnkCis7jmV4X4Tr7E=,i9zFLl0RR8U9/njQ6YZOW/z/p/8=
29,124,hgocsfQ9MeMnkCis7jmV4X4Tr7E=,i9zFLl0RR8U9/njQ6YZOW/z/p/8=
26,124,hgocsfQ9MeMnkCis7jmV4X4Tr7E=,i9zFLl0RR8U9/njQ6YZOW/z/p/8=
24,115,hgocsfQ9MeMnkCis7jmV4X4Tr7E=,i9zFLl0RR8U9/njQ6YZOW/z/p/8=
27,124,hgocsfQ9MeMnkCis7jmV4X4Tr7E=,i9zFLl0RR8U9/njQ6YZOW/z/p/8=
25,124,hgocsfQ9MeMnkCis7jmV4X4Tr7E=,i9zFLl0RR8U9/njQ6YZOW/z/p/8=
24,124,hgocsfQ9MeMnkCis7jmV4X4Tr7E=,i9zFLl0RR8U9/njQ6YZOW/z/p/8=
22,124,hgocsfQ9MeMnkCis7jmV4X4Tr7E=,i9zFLl0RR8U9/njQ6YZOW/z/p/8=
21,124,hgocsfQ9MeMnkCis7jmV4X4Tr7E=,i9zFLl0RR8U9/njQ6YZOW/z/p/8=
30,112,hgocsfQ9MeMnkCis7jmV4X4Tr7E=,i9zFLl0RR8U9/njQ6YZOW/z/p/8=
23,115,hgocsfQ9MeMnkCis7jmV4X4Tr7E=,i9zFLl0RR8U9/njQ6YZOW/z/p/8=
20,124,hgocsfQ9MeMnkCis7jmV4X4Tr7E=,i9zFLl0RR8U9/njQ6YZOW/z/p/8=
31,124,hgocsfQ9MeMnkCis7jmV4X4Tr7E=,i9zFLl0RR8U9/njQ6YZOW/z/p/8=
18,124,hgocsfQ9MeMnkCis7jmV4X4Tr7E=,i9zFLl0RR8U9/njQ6YZOW/z/p/8=
23,124,hgocsfQ9MeMnkCis7jmV4X4Tr7E=,i9zFLl0RR8U9/njQ6YZOW/z/p/8=
19,124,hgocsfQ9MeMnkCis7jmV4X4Tr7E=,i9zFLl0RR8U9/njQ6YZOW/z/p/8=
16,124,hgocsfQ9MeMnkCis7jmV4X4Tr7E=,i9zFLl0RR8U9/njQ6YZOW/z/p/8=
31,123,hgocsfQ9MeMnkCis7jmV4X4Tr7E=,i9zFLl0RR8U9/njQ6YZOW/z/p/8=
30,124,hgocsfQ9MeMnkCis7jmV4X4Tr7E=,i9zFLl0RR8U9/njQ6YZOW/z/p/8=
27,113,hgocsfQ9MeMnkCis7jmV4X4Tr7E=,i9zFLl0RR8U9/njQ6YZOW/z/p/8=
29,123,hgocsfQ9MeMnkCis7jmV4X4Tr7E=,i9zFLl0RR8U9/njQ6YZOW/z/p/8=
30,123,hgocsfQ9MeMnkCis7jmV4X4Tr7E=,i9zFLl0RR8U9/njQ6YZOW/z/p/8=
28,124,hgocsfQ9MeMnkCis7jmV4X4Tr7E=,i9zFLl0RR8U9/njQ6YZOW/z/p/8=
28,123,hgocsfQ9MeMnkCis7jmV4X4Tr7E=,i9zFLl0RR8U9/njQ6YZOW/z/p/8=
26,123,hgocsfQ9MeMnkCis7jmV4X4Tr7E=,i9zFLl0RR8U9/njQ6YZOW/z/p/8=
25,123,hgocsfQ9MeMnkCis7jmV4X4Tr7E=,i9zFLl0RR8U9/njQ6YZOW/z/p/8=
27,123,hgocsfQ9MeMnkCis7jmV4X4Tr7E=,i9zFLl0RR8U9/njQ6YZOW/z/p/8=
17,124,hgocsfQ9MeMnkCis7jmV4X4Tr7E=,i9zFLl0RR8U9/njQ6YZOW/z/p/8=
24,123,hgocsfQ9MeMnkCis7jmV4X4Tr7E=,i9zFLl0RR8U9/njQ6YZOW/z/p/8=
23,123,hgocsfQ9MeMnkCis7jmV4X4Tr7E=,i9zFLl0RR8U9/njQ6YZOW/z/p/8=
22,123,hgocsfQ9MeMnkCis7jmV4X4Tr7E=,i9zFLl0RR8U9/njQ6YZOW/z/p/8=
21,123,hgocsfQ9MeMnkCis7jmV4X4Tr7E=,i9zFLl0RR8U9/njQ6YZOW/z/p/8=
29,112,hgocsfQ9MeMnkCis7jmV4X4Tr7E=,i9zFLl0RR8U9/njQ6YZOW/z/p/8=
18,123,hgocsfQ9MeMnkCis7jmV4X4Tr7E=,i9zFLl0RR8U9/njQ6YZOW/z/p/8=
20,123,hgocsfQ9MeMnkCis7jmV4X4Tr7E=,i9zFLl0RR8U9/njQ6YZOW/z/p/8=
19,123,hgocsfQ9MeMnkCis7jmV4X4Tr7E=,i9zFLl0RR8U9/njQ6YZOW/z/p/8=
17,123,hgocsfQ9MeMnkCis7jmV4X4Tr7E=,i9zFLl0RR8U9/njQ6YZOW/z/p/8=
26,113,hgocsfQ9MeMnkCis7jmV4X4Tr7E=,i9zFLl0RR8U9/njQ6YZOW/z/p/8=
16,123,hgocsfQ9MeMnkCis7jmV4X4Tr7E=,i9zFLl0RR8U9/njQ6YZOW/z/p/8=
31,122,hgocsfQ9MeMnkCis7jmV4X4Tr7E=,i9zFLl0RR8U9/njQ6YZOW/z/p/8=
28,122,hgocsfQ9MeMnkCis7jmV4X4Tr7E=,i9zFLl0RR8U9/njQ6YZOW/z/p/8=
29,122,hgocsfQ9MeMnkCis7jmV4X4Tr7E=,i9zFLl0RR8U9/njQ6YZOW/z/p/8=
30,122,hgocsfQ9MeMnkCis7jmV4X4Tr7E=,i9zFLl0RR8U9/njQ6YZOW/z/p/8=
26,122,hgocsfQ9MeMnkCis7jmV4X4Tr7E=,i9zFLl0RR8U9/njQ6YZOW/z/p/8=
27,122,hgocsfQ9MeMnkCis7jmV4X4Tr7E=,i9zFLl0RR8U9/njQ6YZOW/z/p/8=
25,122,hgocsfQ9MeMnkCis7jmV4X4Tr7E=,i9zFLl0RR8U9/njQ6YZOW/z/p/8=
24,122,hgocsfQ9MeMnkCis7jmV4X4Tr7E=,i9zFLl0RR8U9/njQ6YZOW/z/p/8=
23,122,hgocsfQ9MeMnkCis7jmV4X4Tr7E=,i9zFLl0RR8U9/njQ6YZOW/z/p/8=
28,112,hgocsfQ9MeMnkCis7jmV4X4Tr7E=,i9zFLl0RR8U9/njQ6YZOW/z/p/8=
22,122,hgocsfQ9MeMnkCis7jmV4X4Tr7E=,i9zFLl0RR8U9/njQ6YZOW/z/p/8=
21,122,hgocsfQ9MeMnkCis7jmV4X4Tr7E=,i9zFLl0RR8U9/njQ6YZOW/z/p/8=
19,122,hgocsfQ9MeMnkCis7jmV4X4Tr7E=,i9zFLl0RR8U9/njQ6YZOW/z/p/8=
18,122,hgocsfQ9MeMnkCis7jmV4X4Tr7E=,i9zFLl0RR8U9/njQ6YZOW/z/p/8=
20,122,hgocsfQ9MeMnkCis7jmV4X4Tr7E=,i9zFLl0RR8U9/njQ6YZOW/z/p/8=
17,122,hgocsfQ9MeMnkCis7jmV4X4Tr7E=,i9zFLl0RR8U9/njQ6YZOW/z/p/8=
16,122,hgocsfQ9MeMnkCis7jmV4X4Tr7E=,i9zFLl0RR8U9/njQ6YZOW/z/p/8=
25,113,hgocsfQ9MeMnkCis7jmV4X4Tr7E=,i9zFLl0RR8U9/njQ6YZOW/z/p/8=
31,121,hgocsfQ9MeMnkCis7jmV4X4Tr7E=,i9zFLl0RR8U9/njQ6YZOW/z/p/8=
29,121,hgocsfQ9MeMnkCis7jmV4X4Tr7E=,i9zFLl0RR8U9/njQ6YZOW/z/p/8=
30,121,hgocsfQ9MeMnkCis7jmV4X4Tr7E=,i9zFLl0RR8U9/njQ6YZOW/z/p/8=
28,121,hgocsfQ9MeMnkCis7jmV4X4Tr7E=,i9zFLl0RR8U9/njQ6YZOW/z/p/8=
27,121,hgocsfQ9MeMnkCis7jmV4X4Tr7E=,i9zFLl0RR8U9/njQ6YZOW/z/p/8=
26,121,hgocsfQ9MeMnkCis7jmV4X4Tr7E=,i9zFLl0RR8U9/njQ6YZOW/z/p/8=
24,121,hgocsfQ9MeMnkCis7jmV4X4Tr7E=,i9zFLl0RR8U9/njQ6YZOW/z/p/8=
25,121,hgocsfQ9MeMnkCis7jmV4X4Tr7E=,i9zFLl0RR8U9/njQ6YZOW/z/p/8=
27,112,hgocsfQ9MeMnkCis7jmV4X4Tr7E=,i9zFLl0RR8U9/njQ6YZOW/z/p/8=
22,121,hgocsfQ9MeMnkCis7jmV4X4Tr7E=,i9zFLl0RR8U9/njQ6YZOW/z/p/8=
23,121,hgocsfQ9MeMnkCis7jmV4X4Tr7E=,i9zFLl0RR8U9/njQ6YZOW/z/p/8=
21,121,hgocsfQ9MeMnkCis7jmV4X4Tr7E=,i9zFLl0RR8U9/njQ6YZOW/z/p/8=
20,121,hgocsfQ9MeMnkCis7jmV4X4Tr7E=,i9zFLl0RR8U9/njQ6YZOW/z/p/8=
19,121,hgocsfQ9MeMnkCis7jmV4X4Tr7E=,i9zFLl0RR8U9/njQ6YZOW/z/p/8=
18,121,hgocsfQ9MeMnkCis7jmV4X4Tr7E=,i9zFLl0RR8U9/njQ6YZOW/z/p/8=
16,121,hgocsfQ9MeMnkCis7jmV4X4Tr7E=,i9zFLl0RR8U9/njQ6YZOW/z/p/8=
24,113,hgocsfQ9MeMnkCis7jmV4X4Tr7E=,i9zFLl0RR8U9/njQ6YZOW/z/p/8=
31,120,hgocsfQ9MeMnkCis7jmV4X4Tr7E=,i9zFLl0RR8U9/njQ6YZOW/z/p/8=
17,121,hgocsfQ9MeMnkCis7jmV4X4Tr7E=,i9zFLl0RR8U9/njQ6YZOW/z/p/8=
30,120,hgocsfQ9MeMnkCis7jmV4X4Tr7E=,i9zFLl0RR8U9/njQ6YZOW/z/p/8=
29,120,hgocsfQ9MeMnkCis7jmV4X4Tr7E=,i9zFLl0RR8U9/njQ6YZOW/z/p/8=
28,120,hgocsfQ9MeMnkCis7jmV4X4Tr7E=,i9zFLl0RR8U9/njQ6YZOW/z/p/8=
27,120,hgocsfQ9MeMnkCis7jmV4X4Tr7E=,i9zFLl0RR8U9/njQ6YZOW/z/p/8=
26,120,hgocsfQ9MeMnkCis7jmV4X4Tr7E=,i9zFLl0RR8U9/njQ6YZOW/z/p/8=
25,120,hgocsfQ9MeMnkCis7jmV4X4Tr7E=,i9zFLl0RR8U9/njQ6YZOW/z/p/8=
26,112,hgocsfQ9MeMnkCis7jmV4X4Tr7E=,i9zFLl0RR8U9/njQ6YZOW/z/p/8=
16,113,hgocsfQ9MeMnkCis7jmV4X4Tr7E=,i9zFLl0RR8U9/njQ6YZOW/z/p/8=
24,120,hgocsfQ9MeMnkCis7jmV4X4Tr7E=,i9zFLl0RR8U9/njQ6YZOW/z/p/8=
23,120,hgocsfQ9MeMnkCis7jmV4X4Tr7E=,i9zFLl0RR8U9/njQ6YZOW/z/p/8=
21,120,hgocsfQ9MeMnkCis7jmV4X4Tr7E=,i9zFLl0RR8U9/njQ6YZOW/z/p/8=
22,120,hgocsfQ9MeMnkCis7jmV4X4Tr7E=,i9zFLl0RR8U9/njQ6YZOW/z/p/8=
19,120,hgocsfQ9MeMnkCis7jmV4X4Tr7E=,i9zFLl0RR8U9/njQ6YZOW/z/p/8=
20,120,hgocsfQ9MeMnkCis7jmV4X4Tr7E=,i9zFLl0RR8U9/njQ6YZOW/z/p/8=
17,120,hgocsfQ9MeMnkCis7jmV4X4Tr7E=,i9zFLl0RR8U9/njQ6YZOW/z/p/8=
18,120,hgocsfQ9MeMnkCis7jmV4X4Tr7E=,i9zFLl0RR8U9/njQ6YZOW/z/p/8=
31,119,hgocsfQ9MeMnkCis7jmV4X4Tr7E=,i9zFLl0RR8U9/njQ6YZOW/z/p/8=
16,120,hgocsfQ9MeMnkCis7jmV4X4Tr7E=,i9zFLl0RR8U9/njQ6YZOW/z/p/8=
23,113,hgocsfQ9MeMnkCis7jmV4X4Tr7E=,i9zFLl0RR8U9/njQ6YZOW/z/p/8=
30,119,hgocsfQ9MeMnkCis7jmV4X4Tr7E=,i9zFLl0RR8U9/njQ6YZOW/z/p/8=
29,119,hgocsfQ9MeMnkCis7jmV4X4Tr7E=,i9zFLl0RR8U9/njQ6YZOW/z/p/8=
27,119,hgocsfQ9MeMnkCis7jmV4X4Tr7E=,i9zFLl0RR8U9/njQ6YZOW/z/p/8=
28,119,hgocsfQ9MeMnkCis7jmV4X4Tr7E=,i9zFLl0RR8U9/njQ6YZOW/z/p/8=
26,119,hgocsfQ9MeMnkCis7jmV4X4Tr7E=,i9zFLl0RR8U9/njQ6YZOW/z/p/8=
25,119,hgocsfQ9MeMnkCis7jmV4X4Tr7E=,i9zFLl0RR8U9/njQ6YZOW/z/p/8=
25,112,hgocsfQ9MeMnkCis7jmV4X4Tr7E=,i9zFLl0RR8U9/njQ6YZOW/z/p/8=
18,115,hgocsfQ9MeMnkCis7jmV4X4Tr7E=,i9zFLl0RR8U9/njQ6YZOW/z/p/8=
23,119,hgocsfQ9MeMnkCis7jmV4X4Tr7E=,i9zFLl0RR8U9/njQ6YZOW/z/p/8=
22,119,hgocsfQ9MeMnkCis7jmV4X4Tr7E=,i9zFLl0RR8U9/njQ6YZOW/z/p/8=
24,119,hgocsfQ9MeMnkCis7jmV4X4Tr7E=,i9zFLl0RR8U9/njQ6YZOW/z/p/8=
19,119,hgocsfQ9MeMnkCis7jmV4X4Tr7E=,i9zFLl0RR8U9/njQ6YZOW/z/p/8=
21,119,hgocsfQ9MeMnkCis7jmV4X4Tr7E=,i9zFLl0RR8U9/njQ6YZOW/z/p/8=
20,119,hgocsfQ9MeMnkCis7jmV4X4Tr7E=,i9zFLl0RR8U9/njQ6YZOW/z/p/8=
18,119,hgocsfQ9MeMnkCis7jmV4X4Tr7E=,i9zFLl0RR8U9/njQ6YZOW/z/p/8=
22,113,hgocsfQ9MeMnkCis7jmV4X4Tr7E=,i9zFLl0RR8U9/njQ6YZOW/z/p/8=
17,119,hgocsfQ9MeMnkCis7jmV4X4Tr7E=,i9zFLl0RR8U9/njQ6YZOW/z/p/8=
31,118,hgocsfQ9MeMnkCis7jmV4X4Tr7E=,i9zFLl0RR8U9/njQ6YZOW/z/p/8=
30,118,hgocsfQ9MeMnkCis7jmV4X4Tr7E=,i9zFLl0RR8U9/njQ6YZOW/z/p/8=
16,119,hgocsfQ9MeMnkCis7jmV4X4Tr7E=,i9zFLl0RR8U9/njQ6YZOW/z/p/8=
29,118,hgocsfQ9MeMnkCis7jmV4X4Tr7E=,i9zFLl0RR8U9/njQ6YZOW/z/p/8=
22,115,hgocsfQ9MeMnkCis7jmV4X4Tr7E=,i9zFLl0RR8U9/njQ6YZOW/z/p/8=
28,118,hgocsfQ9MeMnkCis7jmV4X4Tr7E=,i9zFLl0RR8U9/njQ6YZOW/z/p/8=
27,118,hgocsfQ9MeMnkCis7jmV4X4Tr7E=,i9zFLl0RR8U9/njQ6YZOW/z/p/8=
26,118,hgocsfQ9MeMnkCis7jmV4X4Tr7E=,i9zFLl0RR8U9/njQ6YZOW/z/p/8=
24,112,hgocsfQ9MeMnkCis7jmV4X4Tr7E=,i9zFLl0RR8U9/njQ6YZOW/z/p/8=
24,118,hgocsfQ9MeMnkCis7jmV4X4Tr7E=,i9zFLl0RR8U9/njQ6YZOW/z/p/8=
17,115,hgocsfQ9MeMnkCis7jmV4X4Tr7E=,i9zFLl0RR8U9/njQ6YZOW/z/p/8=
25,118,hgocsfQ9MeMnkCis7jmV4X4Tr7E=,i9zFLl0RR8U9/njQ6YZOW/z/p/8=
23,118,hgocsfQ9MeMnkCis7jmV4X4Tr7E=,i9zFLl0RR8U9/njQ6YZOW/z/p/8=
21,118,hgocsfQ9MeMnkCis7jmV4X4Tr7E=,i9zFLl0RR8U9/njQ6YZOW/z/p/8=
22,118,hgocsfQ9MeMnkCis7jmV4X4Tr7E=,i9zFLl0RR8U9/njQ6YZOW/z/p/8=
20,118,hgocsfQ9MeMnkCis7jmV4X4Tr7E=,i9zFLl0RR8U9/njQ6YZOW/z/p/8=
18,118,hgocsfQ9MeMnkCis7jmV4X4Tr7E=,i9zFLl0RR8U9/njQ6YZOW/z/p/8=
19,118,hgocsfQ9MeMnkCis7jmV4X4Tr7E=,i9zFLl0RR8U9/njQ6YZOW/z/p/8=
17,118,hgocsfQ9MeMnkCis7jmV4X4Tr7E=,i9zFLl0RR8U9/njQ6YZOW/z/p/8=
16,118,hgocsfQ9MeMnkCis7jmV4X4Tr7E=,i9zFLl0RR8U9/njQ6YZOW/z/p/8=
30,117,hgocsfQ9MeMnkCis7jmV4X4Tr7E=,i9zFLl0RR8U9/njQ6YZOW/z/p/8=
31,117,hgocsfQ9MeMnkCis7jmV4X4Tr7E=,i9zFLl0RR8U9/njQ6YZOW/z/p/8=
29,117,hgocsfQ9MeMnkCis7jmV4X4Tr7E=,i9zFLl0RR8U9/njQ6YZOW/z/p/8=
28,117,hgocsfQ9MeMnkCis7jmV4X4Tr7E=,i9zFLl0RR8U9/njQ6YZOW/z/p/8=
27,117,hgocsfQ9MeMnkCis7jmV4X4Tr7E=,i9zFLl0RR8U9/njQ6YZOW/z/p/8=
23,112,hgocsfQ9MeMnkCis7jmV4X4Tr7E=,i9zFLl0RR8U9/njQ6YZOW/z/p/8=
26,117,hgocsfQ9MeMnkCis7jmV4X4Tr7E=,i9zFLl0RR8U9/njQ6YZOW/z/p/8=
25,117,hgocsfQ9MeMnkCis7jmV4X4Tr7E=,i9zFLl0RR8U9/njQ6YZOW/z/p/8=
24,117,hgocsfQ9MeMnkCis7jmV4X4Tr7E=,i9zFLl0RR8U9/njQ6YZOW/z/p/8=
16,115,hgocsfQ9MeMnkCis7jmV4X4Tr7E=,i9zFLl0RR8U9/njQ6YZOW/z/p/8=
23,117,hgocsfQ9MeMnkCis7jmV4X4Tr7E=,i9zFLl0RR8U9/njQ6YZOW/z/p/8=
22,117,hgocsfQ9MeMnkCis7jmV4X4Tr7E=,i9zFLl0RR8U9/njQ6YZOW/z/p/8=
19,115,hgocsfQ9MeMnkCis7jmV4X4Tr7E=,i9zFLl0RR8U9/njQ6YZOW/z/p/8=
20,117,hgocsfQ9MeMnkCis7jmV4X4Tr7E=,i9zFLl0RR8U9/njQ6YZOW/z/p/8=
21,117,hgocsfQ9MeMnkCis7jmV4X4Tr7E=,i9zFLl0RR8U9/njQ6YZOW/z/p/8=
19,117,hgocsfQ9MeMnkCis7jmV4X4Tr7E=,i9zFLl0RR8U9/njQ6YZOW/z/p/8=
18,117,hgocsfQ9MeMnkCis7jmV4X4Tr7E=,i9zFLl0RR8U9/njQ6YZOW/z/p/8=
17,117,hgocsfQ9MeMnkCis7jmV4X4Tr7E=,i9zFLl0RR8U9/njQ6YZOW/z/p/8=
16,117,hgocsfQ9MeMnkCis7jmV4X4Tr7E=,i9zFLl0RR8U9/njQ6YZOW/z/p/8=
31,116,hgocsfQ9MeMnkCis7jmV4X4Tr7E=,i9zFLl0RR8U9/njQ6YZOW/z/p/8=
30,116,hgocsfQ9MeMnkCis7jmV4X4Tr7E=,i9zFLl0RR8U9/njQ6YZOW/z/p/8=
29,116,hgocsfQ9MeMnkCis7jmV4X4Tr7E=,i9zFLl0RR8U9/njQ6YZOW/z/p/8=
19,112,hgocsfQ9MeMnkCis7jmV4X4Tr7E=,i9zFLl0RR8U9/njQ6YZOW/z/p/8=
19,114,hgocsfQ9MeMnkCis7jmV4X4Tr7E=,i9zFLl0RR8U9/njQ6YZOW/z/p/8=
28,116,hgocsfQ9MeMnkCis7jmV4X4Tr7E=,i9zFLl0RR8U9/njQ6YZOW/z/p/8=
31,114,hgocsfQ9MeMnkCis7jmV4X4Tr7E=,i9zFLl0RR8U9/njQ6YZOW/z/p/8=
27,116,hgocsfQ9MeMnkCis7jmV4X4Tr7E=,i9zFLl0RR8U9/njQ6YZOW/z/p/8=
26,116,hgocsfQ9MeMnkCis7jmV4X4Tr7E=,i9zFLl0RR8U9/njQ6YZOW/z/p/8=
25,116,hgocsfQ9MeMnkCis7jmV4X4Tr7E=,i9zFLl0RR8U9/njQ6YZOW/z/p/8=
23,116,hgocsfQ9MeMnkCis7jmV4X4Tr7E=,i9zFLl0RR8U9/njQ6YZOW/z/p/8=
24,116,hgocsfQ9MeMnkCis7jmV4X4Tr7E=,i9zFLl0RR8U9/njQ6YZOW/z/p/8=
22,116,hgocsfQ9MeMnkCis7jmV4X4Tr7E=,i9zFLl0RR8U9/njQ6YZOW/z/p/8=
21,116,hgocsfQ9MeMnkCis7jmV4X4Tr7E=,i9zFLl0RR8U9/njQ6YZOW/z/p/8=
19,116,hgocsfQ9MeMnkCis7jmV4X4Tr7E=,i9zFLl0RR8U9/njQ6YZOW/z/p/8=
18,116,hgocsfQ9MeMnkCis7jmV4X4Tr7E=,i9zFLl0RR8U9/njQ6YZOW/z/p/8=
17,116,hgocsfQ9MeMnkCis7jmV4X4Tr7E=,i9zFLl0RR8U9/njQ6YZOW/z/p/8=
16,112,hgocsfQ9MeMnkCis7jmV4X4Tr7E=,i9zFLl0RR8U9/njQ6YZOW/z/p/8=
18,113,hgocsfQ9MeMnkCis7jmV4X4Tr7E=,i9zFLl0RR8U9/njQ6YZOW/z/p/8=
20,114,hgocsfQ9MeMnkCis7jmV4X4Tr7E=,i9zFLl0RR8U9/njQ6YZOW/z/p/8=
16,116,hgocsfQ9MeMnkCis7jmV4X4Tr7E=,i9zFLl0RR8U9/njQ6YZOW/z/p/8=
31,115,hgocsfQ9MeMnkCis7jmV4X4Tr7E=,i9zFLl0RR8U9/njQ6YZOW/z/p/8=
30,115,hgocsfQ9MeMnkCis7jmV4X4Tr7E=,i9zFLl0RR8U9/njQ6YZOW/z/p/8=
29,115,hgocsfQ9MeMnkCis7jmV4X4Tr7E=,i9zFLl0RR8U9/njQ6YZOW/z/p/8=
30,114,hgocsfQ9MeMnkCis7jmV4X4Tr7E=,i9zFLl0RR8U9/njQ6YZOW/z/p/8=
19,113,hgocsfQ9MeMnkCis7jmV4X4Tr7E=,i9zFLl0RR8U9/njQ6YZOW/z/p/8=
22,112,hgocsfQ9MeMnkCis7jmV4X4Tr7E=,i9zFLl0RR8U9/njQ6YZOW/z/p/8=
21,112,hgocsfQ9MeMnkCis7jmV4X4Tr7E=,i9zFLl0RR8U9/njQ6YZOW/z/p/8=
20,115,hgocsfQ9MeMnkCis7jmV4X4Tr7E=,i9zFLl0RR8U9/njQ6YZOW/z/p/8=
21,115,hgocsfQ9MeMnkCis7jmV4X4Tr7E=,i9zFLl0RR8U9/njQ6YZOW/z/p/8=
20,112,hgocsfQ9MeMnkCis7jmV4X4Tr7E=,i9zFLl0RR8U9/njQ6YZOW/z/p/8=
20,116,hgocsfQ9MeMnkCis7jmV4X4Tr7E=,i9zFLl0RR8U9/njQ6YZOW/z/p/8=
21,113,hgocsfQ9MeMnkCis7jmV4X4Tr7E=,i9zFLl0RR8U9/njQ6YZOW/z/p/8=
20,113,hgocsfQ9MeMnkCis7jmV4X4Tr7E=,i9zFLl0RR8U9/njQ6YZOW/z/p/8=
31,111,kW+styzoX3SExGJNGnr4AJDfjVQ=,ze1zeGyG2AATWaj/lYAERgub+7Q=
30,111,kW+styzoX3SExGJNGnr4AJDfjVQ=,ze1zeGyG2AATWaj/lYAERgub+7Q=
19,96,kW+styzoX3SExGJNGnr4AJDfjVQ=,ze1zeGyG2AATWaj/lYAERgub+7Q=
28,111,kW+styzoX3SExGJNGnr4AJDfjVQ=,ze1zeGyG2AATWaj/lYAERgub+7Q=
27,111,kW+styzoX3SExGJNGnr4AJDfjVQ=,ze1zeGyG2AATWaj/lYAERgub+7Q=
25,111,kW+styzoX3SExGJNGnr4AJDfjVQ=,ze1zeGyG2AATWaj/lYAERgub+7Q=
26,111,kW+styzoX3SExGJNGnr4AJDfjVQ=,ze1zeGyG2AATWaj/lYAERgub+7Q=
29,111,kW+styzoX3SExGJNGnr4AJDfjVQ=,ze1zeGyG2AATWaj/lYAERgub+7Q=
31,97,kW+styzoX3SExGJNGnr4AJDfjVQ=,ze1zeGyG2AATWaj/lYAERgub+7Q=
18,111,kW+styzoX3SExGJNGnr4AJDfjVQ=,ze1zeGyG2AATWaj/lYAERgub+7Q=
24,111,kW+styzoX3SExGJNGnr4AJDfjVQ=,ze1zeGyG2AATWaj/lYAERgub+7Q=
17,97,kW+styzoX3SExGJNGnr4AJDfjVQ=,ze1zeGyG2AATWaj/lYAERgub+7Q=
23,111,kW+styzoX3SExGJNGnr4AJDfjVQ=,ze1zeGyG2AATWaj/lYAERgub+7Q=
29,98,kW+styzoX3SExGJNGnr4AJDfjVQ=,ze1zeGyG2AATWaj/lYAERgub+7Q=
19,111,kW+styzoX3SExGJNGnr4AJDfjVQ=,ze1zeGyG2AATWaj/lYAERgub+7Q=
31,110,kW+styzoX3SExGJNGnr4AJDfjVQ=,ze1zeGyG2AATWaj/lYAERgub+7Q=
30,98,kW+styzoX3SExGJNGnr4AJDfjVQ=,ze1zeGyG2AATWaj/lYAERgub+7Q=
31,98,kW+styzoX3SExGJNGnr4AJDfjVQ=,ze1zeGyG2AATWaj/lYAERgub+7Q=
16,99,kW+styzoX3SExGJNGnr4AJDfjVQ=,ze1zeGyG2AATWaj/lYAERgub+7Q=
17,99,kW+styzoX3SExGJNGnr4AJDfjVQ=,ze1zeGyG2AATWaj/lYAERgub+7Q=
18,99,kW+styzoX3SExGJNGnr4AJDfjVQ=,ze1zeGyG2AATWaj/lYAERgub+7Q=
16,98,kW+styzoX3SExGJNGnr4AJDfjVQ=,ze1zeGyG2AATWaj/lYAERgub+7Q=
20,99,kW+styzoX3SExGJNGnr4AJDfjVQ=,ze1zeGyG2AATWaj/lYAERgub+7Q=
19,99,kW+styzoX3SExGJNGnr4AJDfjVQ=,ze1zeGyG2AATWaj/lYAERgub+7Q=
20,96,kW+styzoX3SExGJNGnr4AJDfjVQ=,ze1zeGyG2AATWaj/lYAERgub+7Q=
21,99,kW+styzoX3SExGJNGnr4AJDfjVQ=,ze1zeGyG2AATWaj/lYAERgub+7Q=
22,99,kW+styzoX3SExGJNGnr4AJDfjVQ=,ze1zeGyG2AATWaj/lYAERgub+7Q=
22,111,kW+styzoX3SExGJNGnr4AJDfjVQ=,ze1zeGyG2AATWaj/lYAERgub+7Q=
20,111,kW+styzoX3SExGJNGnr4AJDfjVQ=,ze1zeGyG2AATWaj/lYAERgub+7Q=
21,111,kW+styzoX3SExGJNGnr4AJDfjVQ=,ze1zeGyG2AATWaj/lYAERgub+7Q=
30,97,kW+styzoX3SExGJNGnr4AJDfjVQ=,ze1zeGyG2AATWaj/lYAERgub+7Q=
22,97,kW+styzoX3SExGJNGnr4AJDfjVQ=,ze1zeGyG2AATWaj/lYAERgub+7Q=
21,97,kW+styzoX3SExGJNGnr4AJDfjVQ=,ze1zeGyG2AATWaj/lYAERgub+7Q=
20,97,kW+styzoX3SExGJNGnr4AJDfjVQ=,ze1zeGyG2AATWaj/lYAERgub+7Q=
19,97,kW+styzoX3SExGJNGnr4AJDfjVQ=,ze1zeGyG2AATWaj/lYAERgub+7Q=
18,97,kW+styzoX3SExGJNGnr4AJDfjVQ=,ze1zeGyG2AATWaj/lYAERgub+7Q=
18,96,kW+styzoX3SExGJNGnr4AJDfjVQ=,ze1zeGyG2AATWaj/lYAERgub+7Q=
30,110,kW+styzoX3SExGJNGnr4AJDfjVQ=,ze1zeGyG2AATWaj/lYAERgub+7Q=
23,99,kW+styzoX3SExGJNGnr4AJDfjVQ=,ze1zeGyG2AATWaj/lYAERgub+7Q=
29,97,kW+styzoX3SExGJNGnr4AJDfjVQ=,ze1zeGyG2AATWaj/lYAERgub+7Q=
16,96,kW+styzoX3SExGJNGnr4AJDfjVQ=,ze1zeGyG2AATWaj/lYAERgub+7Q=
29,110,kW+styzoX3SExGJNGnr4AJDfjVQ=,ze1zeGyG2AATWaj/lYAERgub+7Q=
17,111,kW+styzoX3SExGJNGnr4AJDfjVQ=,ze1zeGyG2AATWaj/lYAERgub+7Q=
28,110,kW+styzoX3SExGJNGnr4AJDfjVQ=,ze1zeGyG2AATWaj/lYAERgub+7Q=
26,110,kW+styzoX3SExGJNGnr4AJDfjVQ=,ze1zeGyG2AATWaj/lYAERgub+7Q=
27,110,kW+styzoX3SExGJNGnr4AJDfjVQ=,ze1zeGyG2AATWaj/lYAERgub+7Q=
25,110,kW+styzoX3SExGJNGnr4AJDfjVQ=,ze1zeGyG2AATWaj/lYAERgub+7Q=
27,97,kW+styzoX3SExGJNGnr4AJDfjVQ=,ze1zeGyG2AATWaj/lYAERgub+7Q=
24,110,kW+styzoX3SExGJNGnr4AJDfjVQ=,ze1zeGyG2AATWaj/lYAERgub+7Q=
16,111,kW+styzoX3SExGJNGnr4AJDfjVQ=,ze1zeGyG2AATWaj/lYAERgub+7Q=
19,110,kW+styzoX3SExGJNGnr4AJDfjVQ=,ze1zeGyG2AATWaj/lYAERgub+7Q=
23,97,kW+styzoX3SExGJNGnr4AJDfjVQ=,ze1zeGyG2AATWaj/lYAERgub+7Q=
28,97,kW+styzoX3SExGJNGnr4AJDfjVQ=,ze1zeGyG2AATWaj/lYAERgub+7Q=
26,97,kW+styzoX3SExGJNGnr4AJDfjVQ=,ze1zeGyG2AATWaj/lYAERgub+7Q=
24,99,kW+styzoX3SExGJNGnr4AJDfjVQ=,ze1zeGyG2AATWaj/lYAERgub+7Q=
25,97,kW+styzoX3SExGJNGnr4AJDfjVQ=,ze1zeGyG2AATWaj/lYAERgub+7Q=
31,109,kW+styzoX3SExGJNGnr4AJDfjVQ=,ze1zeGyG2AATWaj/lYAERgub+7Q=
30,109,kW+styzoX3SExGJNGnr4AJDfjVQ=,ze1zeGyG2AATWaj/lYAERgub+7Q=
16,97,kW+styzoX3SExGJNGnr4AJDfjVQ=,ze1zeGyG2AATWaj/lYAERgub+7Q=
29,109,kW+styzoX3SExGJNGnr4AJDfjVQ=,ze1zeGyG2AATWaj/lYAERgub+7Q=
31,96,kW+styzoX3SExGJNGnr4AJDfjVQ=,ze1zeGyG2AATWaj/lYAERgub+7Q=
20,110,kW+styzoX3SExGJNGnr4AJDfjVQ=,ze1zeGyG2AATWaj/lYAERgub+7Q=
18,110,kW+styzoX3SExGJNGnr4AJDfjVQ=,ze1zeGyG2AATWaj/lYAERgub+7Q=
28,109,kW+styzoX3SExGJNGnr4AJDfjVQ=,ze1zeGyG2AATWaj/lYAERgub+7Q=
27,109,kW+styzoX3SExGJNGnr4AJDfjVQ=,ze1zeGyG2AATWaj/lYAERgub+7Q=
25,109,kW+styzoX3SExGJNGnr4AJDfjVQ=,ze1zeGyG2AATWaj/lYAERgub+7Q=
24,109,kW+styzoX3SExGJNGnr4AJDfjVQ=,ze1zeGyG2AATWaj/lYAERgub+7Q=
26,109,kW+styzoX3SExGJNGnr4AJDfjVQ=,ze1zeGyG2AATWaj/lYAERgub+7Q=
23,110,kW+styzoX3SExGJNGnr4AJDfjVQ=,ze1zeGyG2AATWaj/lYAERgub+7Q=
17,110,kW+styzoX3SExGJNGnr4AJDfjVQ=,ze1zeGyG2AATWaj/lYAERgub+7Q=
19,109,kW+styzoX3SExGJNGnr4AJDfjVQ=,ze1zeGyG2AATWaj/lYAERgub+7Q=
21,110,kW+styzoX3SExGJNGnr4AJDfjVQ=,ze1zeGyG2AATWaj/lYAERgub+7Q=
20,109,kW+styzoX3SExGJNGnr4AJDfjVQ=,ze1zeGyG2AATWaj/lYAERgub+7Q=
28,98,kW+styzoX3SExGJNGnr4AJDfjVQ=,ze1zeGyG2AATWaj/lYAERgub+7Q=
17,96,kW+styzoX3SExGJNGnr4AJDfjVQ=,ze1zeGyG2AATWaj/lYAERgub+7Q=
22,110,kW+styzoX3SExGJNGnr4AJDfjVQ=,ze1zeGyG2AATWaj/lYAERgub+7Q=
31,108,kW+styzoX3SExGJNGnr4AJDfjVQ=,ze1zeGyG2AATWaj/lYAERgub+7Q=
30,108,kW+styzoX3SExGJNGnr4AJDfjVQ=,ze1zeGyG2AATWaj/lYAERgub+7Q=
21,109,kW+styzoX3SExGJNGnr4AJDfjVQ=,ze1zeGyG2AATWaj/lYAERgub+7Q=
29,108,kW+styzoX3SExGJNGnr4AJDfjVQ=,ze1zeGyG2AATWaj/lYAERgub+7Q=
28,108,kW+styzoX3SExGJNGnr4AJDfjVQ=,ze1zeGyG2AATWaj/lYAERgub+7Q=
16,110,kW+styzoX3SExGJNGnr4AJDfjVQ=,ze1zeGyG2AATWaj/lYAERgub+7Q=
27,108,kW+styzoX3SExGJNGnr4AJDfjVQ=,ze1zeGyG2AATWaj/lYAERgub+7Q=
26,108,kW+styzoX3SExGJNGnr4AJDfjVQ=,ze1zeGyG2AATWaj/lYAERgub+7Q=
22,109,kW+styzoX3SExGJNGnr4AJDfjVQ=,ze1zeGyG2AATWaj/lYAERgub+7Q=
18,109,kW+styzoX3SExGJNGnr4AJDfjVQ=,ze1zeGyG2AATWaj/lYAERgub+7Q=
30,96,kW+styzoX3SExGJNGnr4AJDfjVQ=,ze1zeGyG2AATWaj/lYAERgub+7Q=
17,109,kW+styzoX3SExGJNGnr4AJDfjVQ=,ze1zeGyG2AATWaj/lYAERgub+7Q=
16,109,kW+styzoX3SExGJNGnr4AJDfjVQ=,ze1zeGyG2AATWaj/lYAERgub+7Q=
23,109,kW+styzoX3SExGJNGnr4AJDfjVQ=,ze1zeGyG2AATWaj/lYAERgub+7Q=
27,98,kW+styzoX3SExGJNGnr4AJDfjVQ=,ze1zeGyG2AATWaj/lYAERgub+7Q=
24,108,kW+styzoX3SExGJNGnr4AJDfjVQ=,ze1zeGyG2AATWaj/lYAERgub+7Q=
23,108,kW+styzoX3SExGJNGnr4AJDfjVQ=,ze1zeGyG2AATWaj/lYAERgub+7Q=
25,108,kW+styzoX3SExGJNGnr4AJDfjVQ=,ze1zeGyG2AATWaj/lYAERgub+7Q=
31,107,kW+styzoX3SExGJNGnr4AJDfjVQ=,ze1zeGyG2AATWaj/lYAERgub+7Q=
30,107,kW+styzoX3SExGJNGnr4AJDfjVQ=,ze1zeGyG2AATWaj/lYAERgub+7Q=
28,107,kW+styzoX3SExGJNGnr4AJDfjVQ=,ze1zeGyG2AATWaj/lYAERgub+7Q=
29,107,kW+styzoX3SExGJNGnr4AJDfjVQ=,ze1zeGyG2AATWaj/lYAERgub+7Q=
27,107,kW+styzoX3SExGJNGnr4AJDfjVQ=,ze1zeGyG2AATWaj/lYAERgub+7Q=
20,108,kW+styzoX3SExGJNGnr4AJDfjVQ=,ze1zeGyG2AATWaj/lYAERgub+7Q=
26,107,kW+styzoX3SExGJNGnr4AJDfjVQ=,ze1zeGyG2AATWaj/lYAERgub+7Q=
19,108,kW+styzoX3SExGJNGnr4AJDfjVQ=,ze1zeGyG2AATWaj/lYAERgub+7Q=
26,98,kW+styzoX3SExGJNGnr4AJDfjVQ=,ze1zeGyG2AATWaj/lYAERgub+7Q=
16,108,kW+styzoX3SExGJNGnr4AJDfjVQ=,ze1zeGyG2AATWaj/lYAERgub+7Q=
21,108,kW+styzoX3SExGJNGnr4AJDfjVQ=,ze1zeGyG2AATWaj/lYAERgub+7Q=
17,108,kW+styzoX3SExGJNGnr4AJDfjVQ=,ze1zeGyG2AATWaj/lYAERgub+7Q=
22,108,kW+styzoX3SExGJNGnr4AJDfjVQ=,ze1zeGyG2AATWaj/lYAERgub+7Q=
18,108,kW+styzoX3SExGJNGnr4AJDfjVQ=,ze1zeGyG2AATWaj/lYAERgub+7Q=
23,107,kW+styzoX3SExGJNGnr4AJDfjVQ=,ze1zeGyG2AATWaj/lYAERgub+7Q=
17,107,kW+styzoX3SExGJNGnr4AJDfjVQ=,ze1zeGyG2AATWaj/lYAERgub+7Q=
25,98,kW+styzoX3SExGJNGnr4AJDfjVQ=,ze1zeGyG2AATWaj/lYAERgub+7Q=
16,107,kW+styzoX3SExGJNGnr4AJDfjVQ=,ze1zeGyG2AATWaj/lYAERgub+7Q=
31,106,kW+styzoX3SExGJNGnr4AJDfjVQ=,ze1zeGyG2AATWaj/lYAERgub+7Q=
30,106,kW+styzoX3SExGJNGnr4AJDfjVQ=,ze1zeGyG2AATWaj/lYAERgub+7Q=
25,107,kW+styzoX3SExGJNGnr4AJDfjVQ=,ze1zeGyG2AATWaj/lYAERgub+7Q=
28,106,kW+styzoX3SExGJNGnr4AJDfjVQ=,ze1zeGyG2AATWaj/lYAERgub+7Q=
29,106,kW+styzoX3SExGJNGnr4AJDfjVQ=,ze1zeGyG2AATWaj/lYAERgub+7Q=
27,106,kW+styzoX3SExGJNGnr4AJDfjVQ=,ze1zeGyG2AATWaj/lYAERgub+7Q=
20,107,kW+styzoX3SExGJNGnr4AJDfjVQ=,ze1zeGyG2AATWaj/lYAERgub+7Q=
26,106,kW+styzoX3SExGJNGnr4AJDfjVQ=,ze1zeGyG2AATWaj/lYAERgub+7Q=
21,107,kW+styzoX3SExGJNGnr4AJDfjVQ=,ze1zeGyG2AATWaj/lYAERgub+7Q=
28,96,kW+styzoX3SExGJNGnr4AJDfjVQ=,ze1zeGyG2AATWaj/lYAERgub+7Q=
22,107,kW+styzoX3SExGJNGnr4AJDfjVQ=,ze1zeGyG2AATWaj/lYAERgub+7Q=
18,107,kW+styzoX3SExGJNGnr4AJDfjVQ=,ze1zeGyG2AATWaj/lYAERgub+7Q=
24,98,kW+styzoX3SExGJNGnr4AJDfjVQ=,ze1zeGyG2AATWaj/lYAERgub+7Q=
25,99,kW+styzoX3SExGJNGnr4AJDfjVQ=,ze1zeGyG2AATWaj/lYAERgub+7Q=
29,96,kW+styzoX3SExGJNGnr4AJDfjVQ=,ze1zeGyG2AATWaj/lYAERgub+7Q=
24,107,kW+styzoX3SExGJNGnr4AJDfjVQ=,ze1zeGyG2AATWaj/lYAERgub+7Q=
25,106,kW+styzoX3SExGJNGnr4AJDfjVQ=,ze1zeGyG2AATWaj/lYAERgub+7Q=
17,106,kW+styzoX3SExGJNGnr4AJDfjVQ=,ze1zeGyG2AATWaj/lYAERgub+7Q=
31,105,kW+styzoX3SExGJNGnr4AJDfjVQ=,ze1zeGyG2AATWaj/lYAERgub+7Q=
30,105,kW+styzoX3SExGJNGnr4AJDfjVQ=,ze1zeGyG2AATWaj/lYAERgub+7Q=
16,106,kW+styzoX3SExGJNGnr4AJDfjVQ=,ze1zeGyG2AATWaj/lYAERgub+7Q=
29,105,kW+styzoX3SExGJNGnr4AJDfjVQ=,ze1zeGyG2AATWaj/lYAERgub+7Q=
28,105,kW+styzoX3SExGJNGnr4AJDfjVQ=,ze1zeGyG2AATWaj/lYAERgub+7Q=
27,105,kW+styzoX3SExGJNGnr4AJDfjVQ=,ze1zeGyG2AATWaj/lYAERgub+7Q=
26,105,kW+styzoX3SExGJNGnr4AJDfjVQ=,ze1zeGyG2AATWaj/lYAERgub+7Q=
19,106,kW+styzoX3SExGJNGnr4AJDfjVQ=,ze1zeGyG2AATWaj/lYAERgub+7Q=
25,105,kW+styzoX3SExGJNGnr4AJDfjVQ=,ze1zeGyG2AATWaj/lYAERgub+7Q=
18,106,kW+styzoX3SExGJNGnr4AJDfjVQ=,ze1zeGyG2AATWaj/lYAERgub+7Q=
23,98,kW+styzoX3SExGJNGnr4AJDfjVQ=,ze1zeGyG2AATWaj/lYAERgub+7Q=
27,96,kW+styzoX3SExGJNGnr4AJDfjVQ=,ze1zeGyG2AATWaj/lYAERgub+7Q=
21,106,kW+styzoX3SExGJNGnr4AJDfjVQ=,ze1zeGyG2AATWaj/lYAERgub+7Q=
20,106,kW+styzoX3SExGJNGnr4AJDfjVQ=,ze1zeGyG2AATWaj/lYAERgub+7Q=
19,107,kW+styzoX3SExGJNGnr4AJDfjVQ=,ze1zeGyG2AATWaj/lYAERgub+7Q=
20,105,kW+styzoX3SExGJNGnr4AJDfjVQ=,ze1zeGyG2AATWaj/lYAERgub+7Q=
19,105,kW+styzoX3SExGJNGnr4AJDfjVQ=,ze1zeGyG2AATWaj/lYAERgub+7Q=
17,105,kW+styzoX3SExGJNGnr4AJDfjVQ=,ze1zeGyG2AATWaj/lYAERgub+7Q=
18,105,kW+styzoX3SExGJNGnr4AJDfjVQ=,ze1zeGyG2AATWaj/lYAERgub+7Q=
16,105,kW+styzoX3SExGJNGnr4AJDfjVQ=,ze1zeGyG2AATWaj/lYAERgub+7Q=
31,104,kW+styzoX3SExGJNGnr4AJDfjVQ=,ze1zeGyG2AATWaj/lYAERgub+7Q=
30,104,kW+styzoX3SExGJNGnr4AJDfjVQ=,ze1zeGyG2AATWaj/lYAERgub+7Q=
29,104,kW+styzoX3SExGJNGnr4AJDfjVQ=,ze1zeGyG2AATWaj/lYAERgub+7Q=
28,104,kW+styzoX3SExGJNGnr4AJDfjVQ=,ze1zeGyG2AATWaj/lYAERgub+7Q=
27,104,kW+styzoX3SExGJNGnr4AJDfjVQ=,ze1zeGyG2AATWaj/lYAERgub+7Q=
26,104,kW+styzoX3SExGJNGnr4AJDfjVQ=,ze1zeGyG2AATWaj/lYAERgub+7Q=
25,104,kW+styzoX3SExGJNGnr4AJDfjVQ=,ze1zeGyG2AATWaj/lYAERgub+7Q=
22,106,kW+styzoX3SExGJNGnr4AJDfjVQ=,ze1zeGyG2AATWaj/lYAERgub+7Q=
22,98,kW+styzoX3SExGJNGnr4AJDfjVQ=,ze1zeGyG2AATWaj/lYAERgub+7Q=
24,106,kW+styzoX3SExGJNGnr4AJDfjVQ=,ze1zeGyG2AATWaj/lYAERgub+7Q=
23,106,kW+styzoX3SExGJNGnr4AJDfjVQ=,ze1zeGyG2AATWaj/lYAERgub+7Q=
26,96,kW+styzoX3SExGJNGnr4AJDfjVQ=,ze1zeGyG2AATWaj/lYAERgub+7Q=
24,105,kW+styzoX3SExGJNGnr4AJDfjVQ=,ze1zeGyG2AATWaj/lYAERgub+7Q=
20,104,kW+styzoX3SExGJNGnr4AJDfjVQ=,ze1zeGyG2AATWaj/lYAERgub+7Q=
19,104,kW+styzoX3SExGJNGnr4AJDfjVQ=,ze1zeGyG2AATWaj/lYAERgub+7Q=
18,104,kW+styzoX3SExGJNGnr4AJDfjVQ=,ze1zeGyG2AATWaj/lYAERgub+7Q=
17,104,kW+styzoX3SExGJNGnr4AJDfjVQ=,ze1zeGyG2AATWaj/lYAERgub+7Q=
30,103,kW+styzoX3SExGJNGnr4AJDfjVQ=,ze1zeGyG2AATWaj/lYAERgub+7Q=
31,103,kW+styzoX3SExGJNGnr4AJDfjVQ=,ze1zeGyG2AATWaj/lYAERgub+7Q=
16,104,kW+styzoX3SExGJNGnr4AJDfjVQ=,ze1zeGyG2AATWaj/lYAERgub+7Q=
29,103,kW+styzoX3SExGJNGnr4AJDfjVQ=,ze1zeGyG2AATWaj/lYAERgub+7Q=
28,103,kW+styzoX3SExGJNGnr4AJDfjVQ=,ze1zeGyG2AATWaj/lYAERgub+7Q=
26,103,kW+styzoX3SExGJNGnr4AJDfjVQ=,ze1zeGyG2AATWaj/lYAERgub+7Q=
27,103,kW+styzoX3SExGJNGnr4AJDfjVQ=,ze1zeGyG2AATWaj/lYAERgub+7Q=
25,103,kW+styzoX3SExGJNGnr4AJDfjVQ=,ze1zeGyG2AATWaj/lYAERgub+7Q=
24,104,kW+styzoX3SExGJNGnr4AJDfjVQ=,ze1zeGyG2AATWaj/lYAERgub+7Q=
26,99,kW+styzoX3SExGJNGnr4AJDfjVQ=,ze1zeGyG2AATWaj/lYAERgub+7Q=
21,98,kW+styzoX3SExGJNGnr4AJDfjVQ=,ze1zeGyG2AATWaj/lYAERgub+7Q=
23,105,kW+styzoX3SExGJNGnr4AJDfjVQ=,ze1zeGyG2AATWaj/lYAERgub+7Q=
22,105,kW+styzoX3SExGJNGnr4AJDfjVQ=,ze1zeGyG2AATWaj/lYAERgub+7Q=
21,104,kW+styzoX3SExGJNGnr4AJDfjVQ=,ze1zeGyG2AATWaj/lYAERgub+7Q=
20,103,kW+styzoX3SExGJNGnr4AJDfjVQ=,ze1zeGyG2AATWaj/lYAERgub+7Q=
19,103,kW+styzoX3SExGJNGnr4AJDfjVQ=,ze1zeGyG2AATWaj/lYAERgub+7Q=
23,103,kW+styzoX3SExGJNGnr4AJDfjVQ=,ze1zeGyG2AATWaj/lYAERgub+7Q=
18,103,kW+styzoX3SExGJNGnr4AJDfjVQ=,ze1zeGyG2AATWaj/lYAERgub+7Q=
17,103,kW+styzoX3SExGJNGnr4AJDfjVQ=,ze1zeGyG2AATWaj/lYAERgub+7Q=
24,103,kW+styzoX3SExGJNGnr4AJDfjVQ=,ze1zeGyG2AATWaj/lYAERgub+7Q=
16,103,kW+styzoX3SExGJNGnr4AJDfjVQ=,ze1zeGyG2AATWaj/lYAERgub+7Q=
31,102,kW+styzoX3SExGJNGnr4AJDfjVQ=,ze1zeGyG2AATWaj/lYAERgub+7Q=
30,102,kW+styzoX3SExGJNGnr4AJDfjVQ=,ze1zeGyG2AATWaj/lYAERgub+7Q=
22,104,kW+styzoX3SExGJNGnr4AJDfjVQ=,ze1zeGyG2AATWaj/lYAERgub+7Q=
27,102,kW+styzoX3SExGJNGnr4AJDfjVQ=,ze1zeGyG2AATWaj/lYAERgub+7Q=
28,102,kW+styzoX3SExGJNGnr4AJDfjVQ=,ze1zeGyG2AATWaj/lYAERgub+7Q=
26,102,kW+styzoX3SExGJNGnr4AJDfjVQ=,ze1zeGyG2AATWaj/lYAERgub+7Q=
25,102,kW+styzoX3SExGJNGnr4AJDfjVQ=,ze1zeGyG2AATWaj/lYAERgub+7Q=
27,99,kW+styzoX3SExGJNGnr4AJDfjVQ=,ze1zeGyG2AATWaj/lYAERgub+7Q=
28,99,kW+styzoX3SExGJNGnr4AJDfjVQ=,ze1zeGyG2AATWaj/lYAERgub+7Q=
23,104,kW+styzoX3SExGJNGnr4AJDfjVQ=,ze1zeGyG2AATWaj/lYAERgub+7Q=
21,105,kW+styzoX3SExGJNGnr4AJDfjVQ=,ze1zeGyG2AATWaj/lYAERgub+7Q=
20,98,kW+styzoX3SExGJNGnr4AJDfjVQ=,ze1zeGyG2AATWaj/lYAERgub+7Q=
20,102,kW+styzoX3SExGJNGnr4AJDfjVQ=,ze1zeGyG2AATWaj/lYAERgub+7Q=
19,102,kW+styzoX3SExGJNGnr4AJDfjVQ=,ze1zeGyG2AATWaj/lYAERgub+7Q=
25,96,kW+styzoX3SExGJNGnr4AJDfjVQ=,ze1zeGyG2AATWaj/lYAERgub+7Q=
17,102,kW+styzoX3SExGJNGnr4AJDfjVQ=,ze1zeGyG2AATWaj/lYAERgub+7Q=
18,102,kW+styzoX3SExGJNGnr4AJDfjVQ=,ze1zeGyG2AATWaj/lYAERgub+7Q=
16,102,kW+styzoX3SExGJNGnr4AJDfjVQ=,ze1zeGyG2AATWaj/lYAERgub+7Q=
31,101,kW+styzoX3SExGJNGnr4AJDfjVQ=,ze1zeGyG2AATWaj/lYAERgub+7Q=
30,101,kW+styzoX3SExGJNGnr4AJDfjVQ=,ze1zeGyG2AATWaj/lYAERgub+7Q=
29,101,kW+styzoX3SExGJNGnr4AJDfjVQ=,ze1zeGyG2AATWaj/lYAERgub+7Q=
28,101,kW+styzoX3SExGJNGnr4AJDfjVQ=,ze1zeGyG2AATWaj/lYAERgub+7Q=
27,101,kW+styzoX3SExGJNGnr4AJDfjVQ=,ze1zeGyG2AATWaj/lYAERgub+7Q=
26,101,kW+styzoX3SExGJNGnr4AJDfjVQ=,ze1zeGyG2AATWaj/lYAERgub+7Q=
29,99,kW+styzoX3SExGJNGnr4AJDfjVQ=,ze1zeGyG2AATWaj/lYAERgub+7Q=
24,97,kW+styzoX3SExGJNGnr4AJDfjVQ=,ze1zeGyG2AATWaj/lYAERgub+7Q=
21,102,kW+styzoX3SExGJNGnr4AJDfjVQ=,ze1zeGyG2AATWaj/lYAERgub+7Q=
25,101,kW+styzoX3SExGJNGnr4AJDfjVQ=,ze1zeGyG2AATWaj/lYAERgub+7Q=
22,102,kW+styzoX3SExGJNGnr4AJDfjVQ=,ze1zeGyG2AATWaj/lYAERgub+7Q=
23,102,kW+styzoX3SExGJNGnr4AJDfjVQ=,ze1zeGyG2AATWaj/lYAERgub+7Q=
30,99,kW+styzoX3SExGJNGnr4AJDfjVQ=,ze1zeGyG2AATWaj/lYAERgub+7Q=
31,99,kW+styzoX3SExGJNGnr4AJDfjVQ=,ze1zeGyG2AATWaj/lYAERgub+7Q=
24,96,kW+styzoX3SExGJNGnr4AJDfjVQ=,ze1zeGyG2AATWaj/lYAERgub+7Q=
17,98,kW+styzoX3SExGJNGnr4AJDfjVQ=,ze1zeGyG2AATWaj/lYAERgub+7Q=
22,103,kW+styzoX3SExGJNGnr4AJDfjVQ=,ze1zeGyG2AATWaj/lYAERgub+7Q=
19,98,kW+styzoX3SExGJNGnr4AJDfjVQ=,ze1zeGyG2AATWaj/lYAERgub+7Q=
16,100,kW+styzoX3SExGJNGnr4AJDfjVQ=,ze1zeGyG2AATWaj/lYAERgub+7Q=
20,101,kW+styzoX3SExGJNGnr4AJDfjVQ=,ze1zeGyG2AATWaj/lYAERgub+7Q=
18,101,kW+styzoX3SExGJNGnr4AJDfjVQ=,ze1zeGyG2AATWaj/lYAERgub+7Q=
17,100,kW+styzoX3SExGJNGnr4AJDfjVQ=,ze1zeGyG2AATWaj/lYAERgub+7Q=
19,101,kW+styzoX3SExGJNGnr4AJDfjVQ=,ze1zeGyG2AATWaj/lYAERgub+7Q=
18,100,kW+styzoX3SExGJNGnr4AJDfjVQ=,ze1zeGyG2AATWaj/lYAERgub+7Q=
16,101,kW+styzoX3SExGJNGnr4AJDfjVQ=,ze1zeGyG2AATWaj/lYAERgub+7Q=
17,101,kW+styzoX3SExGJNGnr4AJDfjVQ=,ze1zeGyG2AATWaj/lYAERgub+7Q=
19,100,kW+styzoX3SExGJNGnr4AJDfjVQ=,ze1zeGyG2AATWaj/lYAERgub+7Q=
22,96,kW+styzoX3SExGJNGnr4AJDfjVQ=,ze1zeGyG2AATWaj/lYAERgub+7Q=
18,98,kW+styzoX3SExGJNGnr4AJDfjVQ=,ze1zeGyG2AATWaj/lYAERgub+7Q=
31,100,kW+styzoX3SExGJNGnr4AJDfjVQ=,ze1zeGyG2AATWaj/lYAERgub+7Q=
21,96,kW+styzoX3SExGJNGnr4AJDfjVQ=,ze1zeGyG2AATWaj/lYAERgub+7Q=
29,100,kW+styzoX3SExGJNGnr4AJDfjVQ=,ze1zeGyG2AATWaj/lYAERgub+7Q=
20,100,kW+styzoX3SExGJNGnr4AJDfjVQ=,ze1zeGyG2AATWaj/lYAERgub+7Q=
21,100,kW+styzoX3SExGJNGnr4AJDfjVQ=,ze1zeGyG2AATWaj/lYAERgub+7Q=
27,100,kW+styzoX3SExGJNGnr4AJDfjVQ=,ze1zeGyG2AATWaj/lYAERgub+7Q=
21,101,kW+styzoX3SExGJNGnr4AJDfjVQ=,ze1zeGyG2AATWaj/lYAERgub+7Q=
22,100,kW+styzoX3SExGJNGnr4AJDfjVQ=,ze1zeGyG2AATWaj/lYAERgub+7Q=
21,103,kW+styzoX3SExGJNGnr4AJDfjVQ=,ze1zeGyG2AATWaj/lYAERgub+7Q=
30,100,kW+styzoX3SExGJNGnr4AJDfjVQ=,ze1zeGyG2AATWaj/lYAERgub+7Q=
22,101,kW+styzoX3SExGJNGnr4AJDfjVQ=,ze1zeGyG2AATWaj/lYAERgub+7Q=
23,96,kW+styzoX3SExGJNGnr4AJDfjVQ=,ze1zeGyG2AATWaj/lYAERgub+7Q=
24,102,kW+styzoX3SExGJNGnr4AJDfjVQ=,ze1zeGyG2AATWaj/lYAERgub+7Q=
24,101,kW+styzoX3SExGJNGnr4AJDfjVQ=,ze1zeGyG2AATWaj/lYAERgub+7Q=
23,101,kW+styzoX3SExGJNGnr4AJDfjVQ=,ze1zeGyG2AATWaj/lYAERgub+7Q=
28,100,kW+styzoX3SExGJNGnr4AJDfjVQ=,ze1zeGyG2AATWaj/lYAERgub+7Q=
23,100,kW+styzoX3SExGJNGnr4AJDfjVQ=,ze1zeGyG2AATWaj/lYAERgub+7Q=
24,100,kW+styzoX3SExGJNGnr4AJDfjVQ=,ze1zeGyG2AATWaj/lYAERgub+7Q=
26,100,kW+styzoX3SExGJNGnr4AJDfjVQ=,ze1zeGyG2AATWaj/lYAERgub+7Q=
29,102,kW+styzoX3SExGJNGnr4AJDfjVQ=,ze1zeGyG2AATWaj/lYAERgub+7Q=
25,100,kW+styzoX3SExGJNGnr4AJDfjVQ=,ze1zeGyG2AATWaj/lYAERgub+7Q=
