17,-4,XnMfiP30m/pUoftNCsII4sgpsRw=,gVZu35kqGECCb8uVzSc+JDby3/g=
17,-3,XnMfiP30m/pUoftNCsII4sgpsRw=,gVZu35kqGECCb8uVzSc+JDby3/g=
16,-4,XnMfiP30m/pUoftNCsII4sgpsRw=,gVZu35kqGECCb8uVzSc+JDby3/g=
16,-3,XnMfiP30m/pUoftNCsII4sgpsRw=,gVZu35kqGECCb8uVzSc+JDby3/g=
2,-13,Ez2SxRGKLrTsIb8xBaHWNWPNWBU=,z9Z+ScLedA/D/unGG7lv5LyiuK4=
2,-12,Ez2SxRGKLrTsIb8xBaHWNWPNWBU=,HZ4ocJctgYAzC6hNOYbn3m57pPY=
1,-12,w3K8pzyDyNKJi+W9uTuD7iL9TAQ=,XKlSy3iFW+keH6jJq9/9K2uGX9M=
1,-13,Ez2SxRGKLrTsIb8xBaHWNWPNWBU=,C21tlqFT3maRzAUcHtmTN3Js6+U=
4,-12,H4DmBY1wnoEjedYMzb8rtHeC8FQ=,6wm/pexDgDbLi96W1f4romZH0ZQ=
3,-12,H4DmBY1wnoEjedYMzb8rtHeC8FQ=,HZ4ocJctgYAzC6hNOYbn3m57pPY=
3,-13,H4DmBY1wnoEjedYMzb8rtHeC8FQ=,z9Z+ScLedA/D/unGG7lv5LyiuK4=
4,-13,H4DmBY1wnoEjedYMzb8rtHeC8FQ=,JO1z9kQ+7YbnHNlTAT6bUz/LEro=
6,-11,R2hmK2IX81pcO5fFvz07yvn7kuc=,lXcfs3zY5XDXkTNykNeja0swYH8=
6,-10,R2hmK2IX81pcO5fFvz07yvn7kuc=,yiO1sq7j0KVnbHtPXX2Voxzdm2M=
5,-10,R2hmK2IX81pcO5fFvz07yvn7kuc=,LZax5dl3X6bf0KlVpf4XOlydH2Q=
5,-11,R2hmK2IX81pcO5fFvz07yvn7kuc=,6wm/pexDgDbLi96W1f4romZH0ZQ=
4,-10,YwAz+0fMqzU9rA1w05JXXYW/pCM=,LZax5dl3X6bf0KlVpf4XOlydH2Q=
4,-11,YwAz+0fMqzU9rA1w05JXXYW/pCM=,6wm/pexDgDbLi96W1f4romZH0ZQ=
3,-11,YwAz+0fMqzU9rA1w05JXXYW/pCM=,HZ4ocJctgYAzC6hNOYbn3m57pPY=
3,-10,obvd14UCWkimNarluKv0tuWWd9E=,4Wreo87TYr8Ylu9oY39XbETnaSY=
5,-9,4QpKVV3A7JBzh9cUDEgBLCdvOoI=,LZax5dl3X6bf0KlVpf4XOlydH2Q=
6,-9,4QpKVV3A7JBzh9cUDEgBLCdvOoI=,yiO1sq7j0KVnbHtPXX2Voxzdm2M=
6,-8,4QpKVV3A7JBzh9cUDEgBLCdvOoI=,boo2vPJn+0VPtZM8iKSmlXhDfwM=
5,-8,obvd14UCWkimNarluKv0tuWWd9E=,1PyQtEUPuai7VgO4E18tzvAuvv0=
4,-9,8vfQyZPRIOE6BhPFvUFDfl6HhAg=,LZax5dl3X6bf0KlVpf4XOlydH2Q=
3,-8,jJ/EBCbtG+blukc0Xv1d/6BOC8A=,m0uDEQdppqk+AqvESWVgsfOGDfY=
3,-9,jJ/EBCbtG+blukc0Xv1d/6BOC8A=,4Wreo87TYr8Ylu9oY39XbETnaSY=
4,-8,jJ/EBCbtG+blukc0Xv1d/6BOC8A=,1PyQtEUPuai7VgO4E18tzvAuvv0=
2,-11,8vfQyZPRIOE6BhPFvUFDfl6HhAg=,HZ4ocJctgYAzC6hNOYbn3m57pPY=
1,-11,w3K8pzyDyNKJi+W9uTuD7iL9TAQ=,XKlSy3iFW+keH6jJq9/9K2uGX9M=
2,-10,obvd14UCWkimNarluKv0tuWWd9E=,4Wreo87TYr8Ylu9oY39XbETnaSY=
1,-10,HsUSbMsW8cr2nX9yP0d0ehJFMOY=,yBtaGqc3QdeWY3iKgbKxXn4b2jA=
2,-8,OwLQY3NIorO+JHTV8wh/F9WNddQ=,m0uDEQdppqk+AqvESWVgsfOGDfY=
2,-9,OwLQY3NIorO+JHTV8wh/F9WNddQ=,4Wreo87TYr8Ylu9oY39XbETnaSY=
1,-9,L1GlhixUZ1MYUYW6jWSqOHZTWuE=,yBtaGqc3QdeWY3iKgbKxXn4b2jA=
1,-8,OwLQY3NIorO+JHTV8wh/F9WNddQ=,fJE8boUnDmf+5tervYPulRhkXps=
3,-7,jJ/EBCbtG+blukc0Xv1d/6BOC8A=,m0uDEQdppqk+AqvESWVgsfOGDfY=
1,-7,OwLQY3NIorO+JHTV8wh/F9WNddQ=,fJE8boUnDmf+5tervYPulRhkXps=
2,-7,OwLQY3NIorO+JHTV8wh/F9WNddQ=,m0uDEQdppqk+AqvESWVgsfOGDfY=
2,-6,OwLQY3NIorO+JHTV8wh/F9WNddQ=,K7a3ZCdByVBXvUPnL25yzILbFUM=
4,-6,jJ/EBCbtG+blukc0Xv1d/6BOC8A=,F+5IhpiCPq8gZZrhS7f8HdXKkdY=
4,-7,jJ/EBCbtG+blukc0Xv1d/6BOC8A=,1PyQtEUPuai7VgO4E18tzvAuvv0=
1,-6,OwLQY3NIorO+JHTV8wh/F9WNddQ=,OitX2KMCxrNFak4maHWU4tAKvaw=
3,-6,jJ/EBCbtG+blukc0Xv1d/6BOC8A=,K7a3ZCdByVBXvUPnL25yzILbFUM=
4,-5,c/np1CpJEDQn/kREM12x9ZXfVbU=,F+5IhpiCPq8gZZrhS7f8HdXKkdY=
4,-4,bm3+tIe9aXpt8/nfYxnZ3rS0xyk=,xvkfqQOzmXLLpEU8Lq/kQ6RQrdQ=
3,-4,g83l6y7BNYj9uBeWqoZqqbIBazA=,bUnAmFrzmkf+vL5UAHAxS/B5+Hw=
3,-5,c/np1CpJEDQn/kREM12x9ZXfVbU=,K7a3ZCdByVBXvUPnL25yzILbFUM=
4,-2,7vwuhUSCYUl9vGOfD/9DciwagbY=,kcV+PGpFJdcpwvAUnIUJRGVyl/8=
4,-3,7vwuhUSCYUl9vGOfD/9DciwagbY=,xvkfqQOzmXLLpEU8Lq/kQ6RQrdQ=
3,-3,g83l6y7BNYj9uBeWqoZqqbIBazA=,bUnAmFrzmkf+vL5UAHAxS/B5+Hw=
3,-2,g83l6y7BNYj9uBeWqoZqqbIBazA=,zaEBKQrg2TRPom8D8TyIXbYdldQ=
6,-5,3rF7I0vHFVQor9H6aLxnT0Hnf6A=,0n0LZbyA1N72sy8H6Sdqa0QITFw=
6,-6,PRJcMANwxhQ9KDoZOYHl7WKHTC4=,0n0LZbyA1N72sy8H6Sdqa0QITFw=
5,-6,obvd14UCWkimNarluKv0tuWWd9E=,F+5IhpiCPq8gZZrhS7f8HdXKkdY=
6,-7,PRJcMANwxhQ9KDoZOYHl7WKHTC4=,boo2vPJn+0VPtZM8iKSmlXhDfwM=
6,-4,8t+g80XlLdCOVK2O85akgTXgFC8=,kqWhgZ/wxOzm2wDrrCxjkQIBV9A=
5,-7,obvd14UCWkimNarluKv0tuWWd9E=,1PyQtEUPuai7VgO4E18tzvAuvv0=
5,-5,obvd14UCWkimNarluKv0tuWWd9E=,F+5IhpiCPq8gZZrhS7f8HdXKkdY=
5,-4,8t+g80XlLdCOVK2O85akgTXgFC8=,xvkfqQOzmXLLpEU8Lq/kQ6RQrdQ=
6,-3,q4zomDCo87LfaOymEeuqkEYyDuc=,kqWhgZ/wxOzm2wDrrCxjkQIBV9A=
5,-3,q4zomDCo87LfaOymEeuqkEYyDuc=,xvkfqQOzmXLLpEU8Lq/kQ6RQrdQ=
6,-2,8t+g80XlLdCOVK2O85akgTXgFC8=,ldSoJ7dIcF359sqxV/6BGP1Wk8M=
5,-2,q4zomDCo87LfaOymEeuqkEYyDuc=,kcV+PGpFJdcpwvAUnIUJRGVyl/8=
8,-5,PRJcMANwxhQ9KDoZOYHl7WKHTC4=,p+w3yB2PrMmjBmpfo4WTyo+hdVQ=
7,-5,PRJcMANwxhQ9KDoZOYHl7WKHTC4=,0n0LZbyA1N72sy8H6Sdqa0QITFw=
8,-4,uG2UN/DHvHw3axJ99sEVRE/LW9g=,5kiibJMI6QTpoRMttpT4n9TQbVY=
7,-4,8t+g80XlLdCOVK2O85akgTXgFC8=,kqWhgZ/wxOzm2wDrrCxjkQIBV9A=
8,-3,XkV4K3MkAyndxVUnzNc9PpAYMsI=,5kiibJMI6QTpoRMttpT4n9TQbVY=
7,-3,q4zomDCo87LfaOymEeuqkEYyDuc=,kqWhgZ/wxOzm2wDrrCxjkQIBV9A=
8,-2,q4zomDCo87LfaOymEeuqkEYyDuc=,ZkUDIxGB5IJ0/yVeINN6ekLqvqk=
7,-2,q4zomDCo87LfaOymEeuqkEYyDuc=,ldSoJ7dIcF359sqxV/6BGP1Wk8M=
10,-5,z7dTsmBE9mkKvoCiTz1CZyc0k+M=,PQLmgLjzjOyN8xuX4Gyeb8ZEbXc=
9,-5,z7dTsmBE9mkKvoCiTz1CZyc0k+M=,p+w3yB2PrMmjBmpfo4WTyo+hdVQ=
9,-4,uG2UN/DHvHw3axJ99sEVRE/LW9g=,5kiibJMI6QTpoRMttpT4n9TQbVY=
10,-4,z7dTsmBE9mkKvoCiTz1CZyc0k+M=,Ivw9t0+gTMYzBZ/0WVZryQ3hYkc=
10,-2,XkV4K3MkAyndxVUnzNc9PpAYMsI=,sx5ZaoCh5O5V05uNlXZf/8T5o/0=
9,-3,XkV4K3MkAyndxVUnzNc9PpAYMsI=,5kiibJMI6QTpoRMttpT4n9TQbVY=
9,-2,8t+g80XlLdCOVK2O85akgTXgFC8=,ZkUDIxGB5IJ0/yVeINN6ekLqvqk=
10,-3,z7dTsmBE9mkKvoCiTz1CZyc0k+M=,Ivw9t0+gTMYzBZ/0WVZryQ3hYkc=
12,-2,D1Sjp6YrE9qV1TYKsFKtlsXHPho=,HAdRtS8K7OW0/RqnICVb0OBg7hU=
12,-3,D1Sjp6YrE9qV1TYKsFKtlsXHPho=,b1U1Obx6OxMM2vAfLNxvMnq8V1c=
11,-2,uG2UN/DHvHw3axJ99sEVRE/LW9g=,sx5ZaoCh5O5V05uNlXZf/8T5o/0=
11,-3,D1Sjp6YrE9qV1TYKsFKtlsXHPho=,Ivw9t0+gTMYzBZ/0WVZryQ3hYkc=
14,-2,D1Sjp6YrE9qV1TYKsFKtlsXHPho=,zFA1KDJlgu43i0Cp7KhkikaWJno=
13,-1,D1Sjp6YrE9qV1TYKsFKtlsXHPho=,HAdRtS8K7OW0/RqnICVb0OBg7hU=
13,-3,D1Sjp6YrE9qV1TYKsFKtlsXHPho=,b1U1Obx6OxMM2vAfLNxvMnq8V1c=
14,-1,D1Sjp6YrE9qV1TYKsFKtlsXHPho=,zFA1KDJlgu43i0Cp7KhkikaWJno=
14,-3,D1Sjp6YrE9qV1TYKsFKtlsXHPho=,dCfEsrHI7b8TrGVjKLWwv1qAv8k=
13,-2,D1Sjp6YrE9qV1TYKsFKtlsXHPho=,HAdRtS8K7OW0/RqnICVb0OBg7hU=
12,-1,D1Sjp6YrE9qV1TYKsFKtlsXHPho=,HAdRtS8K7OW0/RqnICVb0OBg7hU=
11,-1,uG2UN/DHvHw3axJ99sEVRE/LW9g=,sx5ZaoCh5O5V05uNlXZf/8T5o/0=
10,-1,XkV4K3MkAyndxVUnzNc9PpAYMsI=,sx5ZaoCh5O5V05uNlXZf/8T5o/0=
9,-1,8t+g80XlLdCOVK2O85akgTXgFC8=,ZkUDIxGB5IJ0/yVeINN6ekLqvqk=
7,-1,q4zomDCo87LfaOymEeuqkEYyDuc=,ldSoJ7dIcF359sqxV/6BGP1Wk8M=
8,-1,8t+g80XlLdCOVK2O85akgTXgFC8=,ZkUDIxGB5IJ0/yVeINN6ekLqvqk=
5,-1,8t+g80XlLdCOVK2O85akgTXgFC8=,kcV+PGpFJdcpwvAUnIUJRGVyl/8=
6,-1,8t+g80XlLdCOVK2O85akgTXgFC8=,ldSoJ7dIcF359sqxV/6BGP1Wk8M=
4,-1,XZAxPX7KZa6YTiWMKJhVoMP8qTo=,kcV+PGpFJdcpwvAUnIUJRGVyl/8=
3,-1,g83l6y7BNYj9uBeWqoZqqbIBazA=,zaEBKQrg2TRPom8D8TyIXbYdldQ=
0,-7,obvd14UCWkimNarluKv0tuWWd9E=,fJE8boUnDmf+5tervYPulRhkXps=
0,-6,obvd14UCWkimNarluKv0tuWWd9E=,OitX2KMCxrNFak4maHWU4tAKvaw=
0,-9,HsUSbMsW8cr2nX9yP0d0ehJFMOY=,yBtaGqc3QdeWY3iKgbKxXn4b2jA=
0,-8,obvd14UCWkimNarluKv0tuWWd9E=,fJE8boUnDmf+5tervYPulRhkXps=
2,-1,g83l6y7BNYj9uBeWqoZqqbIBazA=,zaEBKQrg2TRPom8D8TyIXbYdldQ=
1,-1,g83l6y7BNYj9uBeWqoZqqbIBazA=,YE7fJiAHkvZYlgcS11ppJ6V1ODw=
0,-12,Lrw+UZfk7CPPwUzjl4xfiTcvwTQ=,XKlSy3iFW+keH6jJq9/9K2uGX9M=
0,-13,zSPNgB/dnZhA5aNp1Gns6Yb4O4U=,C21tlqFT3maRzAUcHtmTN3Js6+U=
0,-11,Lrw+UZfk7CPPwUzjl4xfiTcvwTQ=,XKlSy3iFW+keH6jJq9/9K2uGX9M=
0,-10,HsUSbMsW8cr2nX9yP0d0ehJFMOY=,yBtaGqc3QdeWY3iKgbKxXn4b2jA=
2,-5,ejjRkeefXHX73D1xnEtudXlEBD0=,K7a3ZCdByVBXvUPnL25yzILbFUM=
1,-5,ejjRkeefXHX73D1xnEtudXlEBD0=,OitX2KMCxrNFak4maHWU4tAKvaw=
0,-5,obvd14UCWkimNarluKv0tuWWd9E=,OitX2KMCxrNFak4maHWU4tAKvaw=
2,-2,pd2Fh3QsyeNce+e1KX0SGmOnnd8=,zaEBKQrg2TRPom8D8TyIXbYdldQ=
0,-3,obvd14UCWkimNarluKv0tuWWd9E=,AogMZ583TIzV4G1IAxEejL02Ozo=
2,-3,pd2Fh3QsyeNce+e1KX0SGmOnnd8=,bUnAmFrzmkf+vL5UAHAxS/B5+Hw=
1,-4,ejjRkeefXHX73D1xnEtudXlEBD0=,AogMZ583TIzV4G1IAxEejL02Ozo=
0,-2,g83l6y7BNYj9uBeWqoZqqbIBazA=,YE7fJiAHkvZYlgcS11ppJ6V1ODw=
1,-2,pd2Fh3QsyeNce+e1KX0SGmOnnd8=,YE7fJiAHkvZYlgcS11ppJ6V1ODw=
2,-4,g83l6y7BNYj9uBeWqoZqqbIBazA=,bUnAmFrzmkf+vL5UAHAxS/B5+Hw=
1,-3,c/np1CpJEDQn/kREM12x9ZXfVbU=,AogMZ583TIzV4G1IAxEejL02Ozo=
0,-4,obvd14UCWkimNarluKv0tuWWd9E=,AogMZ583TIzV4G1IAxEejL02Ozo=
1,-15,1n25HscqBGuFgvTxSnyx1p9xyoI=,xqk2HihCnsNFac6Ot10yJ2UYDpo=
2,-15,1n25HscqBGuFgvTxSnyx1p9xyoI=,DooUKZawD/Qn0u6UxYZ6/8yZ8QA=
1,-14,1n25HscqBGuFgvTxSnyx1p9xyoI=,C21tlqFT3maRzAUcHtmTN3Js6+U=
6,-13,1n25HscqBGuFgvTxSnyx1p9xyoI=,3sR9z6J6GrsH/MP5NFsfO8sVJX8=
2,-14,1n25HscqBGuFgvTxSnyx1p9xyoI=,z9Z+ScLedA/D/unGG7lv5LyiuK4=
6,-15,1n25HscqBGuFgvTxSnyx1p9xyoI=,oDUGXP41Tfcu2mR2x8b6NlZZ+OY=
6,-12,1n25HscqBGuFgvTxSnyx1p9xyoI=,lXcfs3zY5XDXkTNykNeja0swYH8=
5,-13,1n25HscqBGuFgvTxSnyx1p9xyoI=,JO1z9kQ+7YbnHNlTAT6bUz/LEro=
6,-14,1n25HscqBGuFgvTxSnyx1p9xyoI=,3sR9z6J6GrsH/MP5NFsfO8sVJX8=
4,-15,1n25HscqBGuFgvTxSnyx1p9xyoI=,WSigig3kS/BWR72hAq2mJVakyk8=
5,-14,1n25HscqBGuFgvTxSnyx1p9xyoI=,JO1z9kQ+7YbnHNlTAT6bUz/LEro=
5,-12,1n25HscqBGuFgvTxSnyx1p9xyoI=,6wm/pexDgDbLi96W1f4romZH0ZQ=
5,-15,1n25HscqBGuFgvTxSnyx1p9xyoI=,WSigig3kS/BWR72hAq2mJVakyk8=
3,-15,1n25HscqBGuFgvTxSnyx1p9xyoI=,DooUKZawD/Qn0u6UxYZ6/8yZ8QA=
4,-14,1n25HscqBGuFgvTxSnyx1p9xyoI=,JO1z9kQ+7YbnHNlTAT6bUz/LEro=
3,-14,1n25HscqBGuFgvTxSnyx1p9xyoI=,z9Z+ScLedA/D/unGG7lv5LyiuK4=
7,-13,1n25HscqBGuFgvTxSnyx1p9xyoI=,3sR9z6J6GrsH/MP5NFsfO8sVJX8=
7,-12,1n25HscqBGuFgvTxSnyx1p9xyoI=,lXcfs3zY5XDXkTNykNeja0swYH8=
8,-12,1n25HscqBGuFgvTxSnyx1p9xyoI=,rcVmvjBAWyD8YJRNctcFWxFUbFQ=
8,-11,+dhTmRmInmEh9fK77cJT1lEUBfc=,rcVmvjBAWyD8YJRNctcFWxFUbFQ=
7,-11,+dhTmRmInmEh9fK77cJT1lEUBfc=,lXcfs3zY5XDXkTNykNeja0swYH8=
7,-10,+dhTmRmInmEh9fK77cJT1lEUBfc=,yiO1sq7j0KVnbHtPXX2Voxzdm2M=
8,-10,+dhTmRmInmEh9fK77cJT1lEUBfc=,4R6x1CBkmS3vFTc4SpCwkuuzME0=
10,-9,+dhTmRmInmEh9fK77cJT1lEUBfc=,GWNvrvAWHE8nIDO96Xdk8PL+1vY=
9,-9,+dhTmRmInmEh9fK77cJT1lEUBfc=,4R6x1CBkmS3vFTc4SpCwkuuzME0=
10,-6,+dhTmRmInmEh9fK77cJT1lEUBfc=,PQLmgLjzjOyN8xuX4Gyeb8ZEbXc=
10,-7,+dhTmRmInmEh9fK77cJT1lEUBfc=,YIyfMtTZkRfYWNQqFMX8QpXAjpg=
9,-7,+dhTmRmInmEh9fK77cJT1lEUBfc=,7kbp1kqw9gdqYe9Qlw8IsYd9VKQ=
9,-6,+dhTmRmInmEh9fK77cJT1lEUBfc=,p+w3yB2PrMmjBmpfo4WTyo+hdVQ=
9,-8,+dhTmRmInmEh9fK77cJT1lEUBfc=,7kbp1kqw9gdqYe9Qlw8IsYd9VKQ=
10,-8,+B5FchyKBElPzqFW6ttN+zp5TiQ=,YIyfMtTZkRfYWNQqFMX8QpXAjpg=
7,-8,+B5FchyKBElPzqFW6ttN+zp5TiQ=,boo2vPJn+0VPtZM8iKSmlXhDfwM=
8,-8,+B5FchyKBElPzqFW6ttN+zp5TiQ=,7kbp1kqw9gdqYe9Qlw8IsYd9VKQ=
8,-9,+B5FchyKBElPzqFW6ttN+zp5TiQ=,4R6x1CBkmS3vFTc4SpCwkuuzME0=
8,-6,+B5FchyKBElPzqFW6ttN+zp5TiQ=,p+w3yB2PrMmjBmpfo4WTyo+hdVQ=
7,-9,+B5FchyKBElPzqFW6ttN+zp5TiQ=,yiO1sq7j0KVnbHtPXX2Voxzdm2M=
7,-7,+B5FchyKBElPzqFW6ttN+zp5TiQ=,boo2vPJn+0VPtZM8iKSmlXhDfwM=
7,-6,+B5FchyKBElPzqFW6ttN+zp5TiQ=,0n0LZbyA1N72sy8H6Sdqa0QITFw=
8,-7,+B5FchyKBElPzqFW6ttN+zp5TiQ=,7kbp1kqw9gdqYe9Qlw8IsYd9VKQ=
13,-12,Lrw+UZfk7CPPwUzjl4xfiTcvwTQ=,2acHAjXmyzDv7KkeK8zMEiy/Pu0=
13,-13,Lrw+UZfk7CPPwUzjl4xfiTcvwTQ=,SqZ52jpR/WDNRH4YrTE53LUYn7g=
10,-14,+B5FchyKBElPzqFW6ttN+zp5TiQ=,brgC/WR/wn4ADjDa7wgkvLb70qk=
12,-14,uG2UN/DHvHw3axJ99sEVRE/LW9g=,SqZ52jpR/WDNRH4YrTE53LUYn7g=
11,-14,+B5FchyKBElPzqFW6ttN+zp5TiQ=,brgC/WR/wn4ADjDa7wgkvLb70qk=
7,-15,+B5FchyKBElPzqFW6ttN+zp5TiQ=,oDUGXP41Tfcu2mR2x8b6NlZZ+OY=
7,-14,+B5FchyKBElPzqFW6ttN+zp5TiQ=,3sR9z6J6GrsH/MP5NFsfO8sVJX8=
13,-9,w3K8pzyDyNKJi+W9uTuD7iL9TAQ=,Euu42KkJQIOVRG8rX5e2G77HTFs=
12,-9,w3K8pzyDyNKJi+W9uTuD7iL9TAQ=,Euu42KkJQIOVRG8rX5e2G77HTFs=
13,-11,w3K8pzyDyNKJi+W9uTuD7iL9TAQ=,2acHAjXmyzDv7KkeK8zMEiy/Pu0=
14,-9,+B5FchyKBElPzqFW6ttN+zp5TiQ=,3fj5/MNsOJ9xM0NOtI5uAv6nRW0=
14,-10,+B5FchyKBElPzqFW6ttN+zp5TiQ=,3fj5/MNsOJ9xM0NOtI5uAv6nRW0=
10,-13,+B5FchyKBElPzqFW6ttN+zp5TiQ=,brgC/WR/wn4ADjDa7wgkvLb70qk=
10,-10,+B5FchyKBElPzqFW6ttN+zp5TiQ=,GWNvrvAWHE8nIDO96Xdk8PL+1vY=
12,-13,w3K8pzyDyNKJi+W9uTuD7iL9TAQ=,SqZ52jpR/WDNRH4YrTE53LUYn7g=
11,-13,+B5FchyKBElPzqFW6ttN+zp5TiQ=,brgC/WR/wn4ADjDa7wgkvLb70qk=
12,-12,w3K8pzyDyNKJi+W9uTuD7iL9TAQ=,2acHAjXmyzDv7KkeK8zMEiy/Pu0=
9,-12,+B5FchyKBElPzqFW6ttN+zp5TiQ=,rcVmvjBAWyD8YJRNctcFWxFUbFQ=
12,-11,w3K8pzyDyNKJi+W9uTuD7iL9TAQ=,2acHAjXmyzDv7KkeK8zMEiy/Pu0=
11,-10,+B5FchyKBElPzqFW6ttN+zp5TiQ=,GWNvrvAWHE8nIDO96Xdk8PL+1vY=
11,-8,+B5FchyKBElPzqFW6ttN+zp5TiQ=,YIyfMtTZkRfYWNQqFMX8QpXAjpg=
9,-11,+B5FchyKBElPzqFW6ttN+zp5TiQ=,rcVmvjBAWyD8YJRNctcFWxFUbFQ=
11,-9,+B5FchyKBElPzqFW6ttN+zp5TiQ=,GWNvrvAWHE8nIDO96Xdk8PL+1vY=
9,-10,+B5FchyKBElPzqFW6ttN+zp5TiQ=,4R6x1CBkmS3vFTc4SpCwkuuzME0=
13,-10,w3K8pzyDyNKJi+W9uTuD7iL9TAQ=,Euu42KkJQIOVRG8rX5e2G77HTFs=
10,-12,+B5FchyKBElPzqFW6ttN+zp5TiQ=,/c76yiUFGDuQ6u8ZhjuA72rsTvU=
10,-11,+B5FchyKBElPzqFW6ttN+zp5TiQ=,/c76yiUFGDuQ6u8ZhjuA72rsTvU=
12,-10,w3K8pzyDyNKJi+W9uTuD7iL9TAQ=,Euu42KkJQIOVRG8rX5e2G77HTFs=
11,-12,+B5FchyKBElPzqFW6ttN+zp5TiQ=,/c76yiUFGDuQ6u8ZhjuA72rsTvU=
11,-11,+B5FchyKBElPzqFW6ttN+zp5TiQ=,/c76yiUFGDuQ6u8ZhjuA72rsTvU=
6,-16,+B5FchyKBElPzqFW6ttN+zp5TiQ=,oDUGXP41Tfcu2mR2x8b6NlZZ+OY=
5,-16,+B5FchyKBElPzqFW6ttN+zp5TiQ=,WSigig3kS/BWR72hAq2mJVakyk8=
3,-16,+B5FchyKBElPzqFW6ttN+zp5TiQ=,DooUKZawD/Qn0u6UxYZ6/8yZ8QA=
4,-16,+B5FchyKBElPzqFW6ttN+zp5TiQ=,WSigig3kS/BWR72hAq2mJVakyk8=
15,-10,+B5FchyKBElPzqFW6ttN+zp5TiQ=,3fj5/MNsOJ9xM0NOtI5uAv6nRW0=
0,-15,+B5FchyKBElPzqFW6ttN+zp5TiQ=,xqk2HihCnsNFac6Ot10yJ2UYDpo=
7,-16,+B5FchyKBElPzqFW6ttN+zp5TiQ=,oDUGXP41Tfcu2mR2x8b6NlZZ+OY=
0,-14,+B5FchyKBElPzqFW6ttN+zp5TiQ=,C21tlqFT3maRzAUcHtmTN3Js6+U=
2,-16,Oj893DQfc8+RB2dwSsEC5xyDoJs=,DooUKZawD/Qn0u6UxYZ6/8yZ8QA=
1,-16,Oj893DQfc8+RB2dwSsEC5xyDoJs=,xqk2HihCnsNFac6Ot10yJ2UYDpo=
0,-16,Oj893DQfc8+RB2dwSsEC5xyDoJs=,xqk2HihCnsNFac6Ot10yJ2UYDpo=
15,-4,Oj893DQfc8+RB2dwSsEC5xyDoJs=,dCfEsrHI7b8TrGVjKLWwv1qAv8k=
15,-3,Oj893DQfc8+RB2dwSsEC5xyDoJs=,dCfEsrHI7b8TrGVjKLWwv1qAv8k=
15,-2,Oj893DQfc8+RB2dwSsEC5xyDoJs=,zFA1KDJlgu43i0Cp7KhkikaWJno=
0,-1,g83l6y7BNYj9uBeWqoZqqbIBazA=,YE7fJiAHkvZYlgcS11ppJ6V1ODw=
14,-4,Oj893DQfc8+RB2dwSsEC5xyDoJs=,dCfEsrHI7b8TrGVjKLWwv1qAv8k=
11,-6,Oj893DQfc8+RB2dwSsEC5xyDoJs=,PQLmgLjzjOyN8xuX4Gyeb8ZEbXc=
11,-7,Oj893DQfc8+RB2dwSsEC5xyDoJs=,YIyfMtTZkRfYWNQqFMX8QpXAjpg=
13,-4,Oj893DQfc8+RB2dwSsEC5xyDoJs=,b1U1Obx6OxMM2vAfLNxvMnq8V1c=
12,-4,Oj893DQfc8+RB2dwSsEC5xyDoJs=,b1U1Obx6OxMM2vAfLNxvMnq8V1c=
11,-4,Oj893DQfc8+RB2dwSsEC5xyDoJs=,Ivw9t0+gTMYzBZ/0WVZryQ3hYkc=
11,-5,Oj893DQfc8+RB2dwSsEC5xyDoJs=,PQLmgLjzjOyN8xuX4Gyeb8ZEbXc=
13,-14,w3K8pzyDyNKJi+W9uTuD7iL9TAQ=,SqZ52jpR/WDNRH4YrTE53LUYn7g=
15,-9,Oj893DQfc8+RB2dwSsEC5xyDoJs=,3fj5/MNsOJ9xM0NOtI5uAv6nRW0=
15,-1,Oj893DQfc8+RB2dwSsEC5xyDoJs=,zFA1KDJlgu43i0Cp7KhkikaWJno=
2,-18,+8zAWOWz2R4C4LcV1o4BUaQW7Hg=,DP1CDdpiuyqPZKZ+xzJRJy9p6iw=
1,-18,+8zAWOWz2R4C4LcV1o4BUaQW7Hg=,oSAb/3ukU37EOif7oIi0Jughlp8=
1,-19,+8zAWOWz2R4C4LcV1o4BUaQW7Hg=,LDoqV/vQ2WlslIEbQfiyxSePDiM=
1,-25,qqpWkiDsaDkd/xEbDJCkHWGO9Co=,IltOGKGzpd4xlri1ZfPyCjM9zUc=
0,-24,qqpWkiDsaDkd/xEbDJCkHWGO9Co=,gVlf2XmMtgSk1kbkUynYwdAIiMs=
0,-25,qqpWkiDsaDkd/xEbDJCkHWGO9Co=,IltOGKGzpd4xlri1ZfPyCjM9zUc=
1,-24,qqpWkiDsaDkd/xEbDJCkHWGO9Co=,gVlf2XmMtgSk1kbkUynYwdAIiMs=
0,-26,qqpWkiDsaDkd/xEbDJCkHWGO9Co=,IltOGKGzpd4xlri1ZfPyCjM9zUc=
0,-27,qqpWkiDsaDkd/xEbDJCkHWGO9Co=,pG4tcY0xP2KsFiybxkyvdzkXTys=
1,-26,qqpWkiDsaDkd/xEbDJCkHWGO9Co=,IltOGKGzpd4xlri1ZfPyCjM9zUc=
1,-27,qqpWkiDsaDkd/xEbDJCkHWGO9Co=,pG4tcY0xP2KsFiybxkyvdzkXTys=
1,-28,qqpWkiDsaDkd/xEbDJCkHWGO9Co=,pG4tcY0xP2KsFiybxkyvdzkXTys=
1,-29,qqpWkiDsaDkd/xEbDJCkHWGO9Co=,wEYrutjqTb2t7jxvJV8zm02n+Kw=
0,-28,qqpWkiDsaDkd/xEbDJCkHWGO9Co=,pG4tcY0xP2KsFiybxkyvdzkXTys=
0,-29,qqpWkiDsaDkd/xEbDJCkHWGO9Co=,wEYrutjqTb2t7jxvJV8zm02n+Kw=
0,-18,qqpWkiDsaDkd/xEbDJCkHWGO9Co=,oSAb/3ukU37EOif7oIi0Jughlp8=
0,-19,qqpWkiDsaDkd/xEbDJCkHWGO9Co=,LDoqV/vQ2WlslIEbQfiyxSePDiM=
0,-23,jIKrgcos9CNaV+h9tMfQnWScA6k=,gVlf2XmMtgSk1kbkUynYwdAIiMs=
0,-20,jIKrgcos9CNaV+h9tMfQnWScA6k=,LDoqV/vQ2WlslIEbQfiyxSePDiM=
0,-22,jIKrgcos9CNaV+h9tMfQnWScA6k=,9r9Q07rpkkGl3qzgtj9bDPxOLWQ=
1,-32,jIKrgcos9CNaV+h9tMfQnWScA6k=,wInB1r/W/l0SUV+DgGhSADruWRs=
1,-30,jIKrgcos9CNaV+h9tMfQnWScA6k=,wEYrutjqTb2t7jxvJV8zm02n+Kw=
1,-31,jIKrgcos9CNaV+h9tMfQnWScA6k=,wInB1r/W/l0SUV+DgGhSADruWRs=
0,-30,jIKrgcos9CNaV+h9tMfQnWScA6k=,wEYrutjqTb2t7jxvJV8zm02n+Kw=
0,-21,jIKrgcos9CNaV+h9tMfQnWScA6k=,9r9Q07rpkkGl3qzgtj9bDPxOLWQ=
0,-31,jIKrgcos9CNaV+h9tMfQnWScA6k=,wInB1r/W/l0SUV+DgGhSADruWRs=
0,-32,jIKrgcos9CNaV+h9tMfQnWScA6k=,wInB1r/W/l0SUV+DgGhSADruWRs=
2,-17,jIKrgcos9CNaV+h9tMfQnWScA6k=,DP1CDdpiuyqPZKZ+xzJRJy9p6iw=
1,-17,jIKrgcos9CNaV+h9tMfQnWScA6k=,oSAb/3ukU37EOif7oIi0Jughlp8=
4,-18,jIKrgcos9CNaV+h9tMfQnWScA6k=,N+IRiYpBEDih6RbkBW8RhPKTX/c=
3,-18,jIKrgcos9CNaV+h9tMfQnWScA6k=,DP1CDdpiuyqPZKZ+xzJRJy9p6iw=
1,-22,jIKrgcos9CNaV+h9tMfQnWScA6k=,9r9Q07rpkkGl3qzgtj9bDPxOLWQ=
1,-23,jIKrgcos9CNaV+h9tMfQnWScA6k=,gVlf2XmMtgSk1kbkUynYwdAIiMs=
0,-17,jIKrgcos9CNaV+h9tMfQnWScA6k=,oSAb/3ukU37EOif7oIi0Jughlp8=
1,-21,jIKrgcos9CNaV+h9tMfQnWScA6k=,9r9Q07rpkkGl3qzgtj9bDPxOLWQ=
1,-20,jIKrgcos9CNaV+h9tMfQnWScA6k=,LDoqV/vQ2WlslIEbQfiyxSePDiM=
5,-18,jIKrgcos9CNaV+h9tMfQnWScA6k=,N+IRiYpBEDih6RbkBW8RhPKTX/c=
4,-17,jIKrgcos9CNaV+h9tMfQnWScA6k=,N+IRiYpBEDih6RbkBW8RhPKTX/c=
3,-17,jIKrgcos9CNaV+h9tMfQnWScA6k=,DP1CDdpiuyqPZKZ+xzJRJy9p6iw=
5,-17,jIKrgcos9CNaV+h9tMfQnWScA6k=,N+IRiYpBEDih6RbkBW8RhPKTX/c=
15,-13,Lrw+UZfk7CPPwUzjl4xfiTcvwTQ=,uN9y7rS/bp4e9s7XrKo+oEN1xcU=
14,-13,Lrw+UZfk7CPPwUzjl4xfiTcvwTQ=,uN9y7rS/bp4e9s7XrKo+oEN1xcU=
14,-12,Lrw+UZfk7CPPwUzjl4xfiTcvwTQ=,QqhnYJynSH9iKJp+D3tWefGmC+g=
15,-12,Lrw+UZfk7CPPwUzjl4xfiTcvwTQ=,QqhnYJynSH9iKJp+D3tWefGmC+g=
14,-14,w3K8pzyDyNKJi+W9uTuD7iL9TAQ=,uN9y7rS/bp4e9s7XrKo+oEN1xcU=
14,-11,w3K8pzyDyNKJi+W9uTuD7iL9TAQ=,QqhnYJynSH9iKJp+D3tWefGmC+g=
15,-11,XkV4K3MkAyndxVUnzNc9PpAYMsI=,QqhnYJynSH9iKJp+D3tWefGmC+g=
15,-14,uG2UN/DHvHw3axJ99sEVRE/LW9g=,uN9y7rS/bp4e9s7XrKo+oEN1xcU=
